2026-05-14 00:13:15,559 ERROR tvwall.window: Draw failed
Traceback (most recent call last):
  File "C:\Users\marct\Documents\interactive-tv-wall\src\tvwall\app\window.py", line 82, in on_draw
    fps = round(pyglet.clock.get_fps())
                ^^^^^^^^^^^^^^^^^^^^
AttributeError: module 'pyglet.clock' has no attribute 'get_fps'
2026-05-14 00:13:15,626 ERROR tvwall.window: Draw failed
Traceback (most recent call last):
  File "C:\Users\marct\Documents\interactive-tv-wall\src\tvwall\app\window.py", line 82, in on_draw
    fps = round(pyglet.clock.get_fps())
                ^^^^^^^^^^^^^^^^^^^^
AttributeError: module 'pyglet.clock' has no attribute 'get_fps'
2026-05-14 00:13:15,688 ERROR tvwall.window: Draw failed
Traceback (most recent call last):
  File "C:\Users\marct\Documents\interactive-tv-wall\src\tvwall\app\window.py", line 82, in on_draw
    fps = round(pyglet.clock.get_fps())
                ^^^^^^^^^^^^^^^^^^^^
AttributeError: module 'pyglet.clock' has no attribute 'get_fps'
2026-05-14 00:13:15,755 ERROR tvwall.window: Draw failed
Traceback (most recent call last):
  File "C:\Users\marct\Documents\interactive-tv-wall\src\tvwall\app\window.py", line 82, in on_draw
    fps = round(pyglet.clock.get_fps())
                ^^^^^^^^^^^^^^^^^^^^
AttributeError: module 'pyglet.clock' has no attribute 'get_fps'
2026-05-14 00:13:15,822 ERROR tvwall.window: Draw failed
Traceback (most recent call last):
  File "C:\Users\marct\Documents\interactive-tv-wall\src\tvwall\app\window.py", line 82, in on_draw
    fps = round(pyglet.clock.get_fps())
                ^^^^^^^^^^^^^^^^^^^^
AttributeError: module 'pyglet.clock' has no attribute 'get_fps'
2026-05-14 00:13:15,885 ERROR tvwall.window: Draw failed
Traceback (most recent call last):
  File "C:\Users\marct\Documents\interactive-tv-wall\src\tvwall\app\window.py", line 82, in on_draw
    fps = round(pyglet.clock.get_fps())
                ^^^^^^^^^^^^^^^^^^^^
AttributeError: module 'pyglet.clock' has no attribute 'get_fps'
2026-05-14 00:13:15,951 ERROR tvwall.window: Draw failed
Traceback (most recent call last):
  File "C:\Users\marct\Documents\interactive-tv-wall\src\tvwall\app\window.py", line 82, in on_draw
    fps = round(pyglet.clock.get_fps())
                ^^^^^^^^^^^^^^^^^^^^
AttributeError: module 'pyglet.clock' has no attribute 'get_fps'
2026-05-14 00:13:16,010 ERROR tvwall.window: Draw failed
Traceback (most recent call last):
  File "C:\Users\marct\Documents\interactive-tv-wall\src\tvwall\app\window.py", line 82, in on_draw
    fps = round(pyglet.clock.get_fps())
                ^^^^^^^^^^^^^^^^^^^^
AttributeError: module 'pyglet.clock' has no attribute 'get_fps'
2026-05-14 00:13:16,076 ERROR tvwall.window: Draw failed
Traceback (most recent call last):
  File "C:\Users\marct\Documents\interactive-tv-wall\src\tvwall\app\window.py", line 82, in on_draw
    fps = round(pyglet.clock.get_fps())
                ^^^^^^^^^^^^^^^^^^^^
AttributeError: module 'pyglet.clock' has no attribute 'get_fps'
2026-05-14 00:13:16,138 ERROR tvwall.window: Draw failed
Traceback (most recent call last):
  File "C:\Users\marct\Documents\interactive-tv-wall\src\tvwall\app\window.py", line 82, in on_draw
    fps = round(pyglet.clock.get_fps())
                ^^^^^^^^^^^^^^^^^^^^
AttributeError: module 'pyglet.clock' has no attribute 'get_fps'
2026-05-14 00:13:16,202 ERROR tvwall.window: Draw failed
Traceback (most recent call last):
  File "C:\Users\marct\Documents\interactive-tv-wall\src\tvwall\app\window.py", line 82, in on_draw
    fps = round(pyglet.clock.get_fps())
                ^^^^^^^^^^^^^^^^^^^^
AttributeError: module 'pyglet.clock' has no attribute 'get_fps'
2026-05-14 00:13:16,265 ERROR tvwall.window: Draw failed
Traceback (most recent call last):
  File "C:\Users\marct\Documents\interactive-tv-wall\src\tvwall\app\window.py", line 82, in on_draw
    fps = round(pyglet.clock.get_fps())
                ^^^^^^^^^^^^^^^^^^^^
AttributeError: module 'pyglet.clock' has no attribute 'get_fps'
2026-05-14 00:13:16,324 ERROR tvwall.window: Draw failed
Traceback (most recent call last):
  File "C:\Users\marct\Documents\interactive-tv-wall\src\tvwall\app\window.py", line 82, in on_draw
    fps = round(pyglet.clock.get_fps())
                ^^^^^^^^^^^^^^^^^^^^
AttributeError: module 'pyglet.clock' has no attribute 'get_fps'
2026-05-14 00:13:16,384 ERROR tvwall.window: Draw failed
Traceback (most recent call last):
  File "C:\Users\marct\Documents\interactive-tv-wall\src\tvwall\app\window.py", line 82, in on_draw
    fps = round(pyglet.clock.get_fps())
                ^^^^^^^^^^^^^^^^^^^^
AttributeError: module 'pyglet.clock' has no attribute 'get_fps'
2026-05-14 00:13:16,444 ERROR tvwall.window: Draw failed
Traceback (most recent call last):
  File "C:\Users\marct\Documents\interactive-tv-wall\src\tvwall\app\window.py", line 82, in on_draw
    fps = round(pyglet.clock.get_fps())
                ^^^^^^^^^^^^^^^^^^^^
AttributeError: module 'pyglet.clock' has no attribute 'get_fps'
2026-05-14 00:13:16,508 ERROR tvwall.window: Draw failed
Traceback (most recent call last):
  File "C:\Users\marct\Documents\interactive-tv-wall\src\tvwall\app\window.py", line 82, in on_draw
    fps = round(pyglet.clock.get_fps())
                ^^^^^^^^^^^^^^^^^^^^
AttributeError: module 'pyglet.clock' has no attribute 'get_fps'
2026-05-14 00:13:17,127 ERROR tvwall.window: Draw failed
Traceback (most recent call last):
  File "C:\Users\marct\Documents\interactive-tv-wall\src\tvwall\app\window.py", line 82, in on_draw
    fps = round(pyglet.clock.get_fps())
                ^^^^^^^^^^^^^^^^^^^^
AttributeError: module 'pyglet.clock' has no attribute 'get_fps'
2026-05-14 00:13:17,206 ERROR tvwall.window: Draw failed
Traceback (most recent call last):
  File "C:\Users\marct\Documents\interactive-tv-wall\src\tvwall\app\window.py", line 82, in on_draw
    fps = round(pyglet.clock.get_fps())
                ^^^^^^^^^^^^^^^^^^^^
AttributeError: module 'pyglet.clock' has no attribute 'get_fps'
2026-05-14 00:13:17,286 ERROR tvwall.window: Draw failed
Traceback (most recent call last):
  File "C:\Users\marct\Documents\interactive-tv-wall\src\tvwall\app\window.py", line 82, in on_draw
    fps = round(pyglet.clock.get_fps())
                ^^^^^^^^^^^^^^^^^^^^
AttributeError: module 'pyglet.clock' has no attribute 'get_fps'
2026-05-14 00:13:17,368 ERROR tvwall.window: Draw failed
Traceback (most recent call last):
  File "C:\Users\marct\Documents\interactive-tv-wall\src\tvwall\app\window.py", line 82, in on_draw
    fps = round(pyglet.clock.get_fps())
                ^^^^^^^^^^^^^^^^^^^^
AttributeError: module 'pyglet.clock' has no attribute 'get_fps'
2026-05-14 00:13:17,452 ERROR tvwall.window: Draw failed
Traceback (most recent call last):
  File "C:\Users\marct\Documents\interactive-tv-wall\src\tvwall\app\window.py", line 82, in on_draw
    fps = round(pyglet.clock.get_fps())
                ^^^^^^^^^^^^^^^^^^^^
AttributeError: module 'pyglet.clock' has no attribute 'get_fps'
2026-05-14 00:13:17,522 ERROR tvwall.window: Draw failed
Traceback (most recent call last):
  File "C:\Users\marct\Documents\interactive-tv-wall\src\tvwall\app\window.py", line 82, in on_draw
    fps = round(pyglet.clock.get_fps())
                ^^^^^^^^^^^^^^^^^^^^
AttributeError: module 'pyglet.clock' has no attribute 'get_fps'
2026-05-14 00:13:17,595 ERROR tvwall.window: Draw failed
Traceback (most recent call last):
  File "C:\Users\marct\Documents\interactive-tv-wall\src\tvwall\app\window.py", line 82, in on_draw
    fps = round(pyglet.clock.get_fps())
                ^^^^^^^^^^^^^^^^^^^^
AttributeError: module 'pyglet.clock' has no attribute 'get_fps'
2026-05-14 00:13:17,667 ERROR tvwall.window: Draw failed
Traceback (most recent call last):
  File "C:\Users\marct\Documents\interactive-tv-wall\src\tvwall\app\window.py", line 82, in on_draw
    fps = round(pyglet.clock.get_fps())
                ^^^^^^^^^^^^^^^^^^^^
AttributeError: module 'pyglet.clock' has no attribute 'get_fps'
2026-05-14 00:13:18,257 ERROR tvwall.window: Draw failed
Traceback (most recent call last):
  File "C:\Users\marct\Documents\interactive-tv-wall\src\tvwall\app\window.py", line 82, in on_draw
    fps = round(pyglet.clock.get_fps())
                ^^^^^^^^^^^^^^^^^^^^
AttributeError: module 'pyglet.clock' has no attribute 'get_fps'
2026-05-14 00:13:18,344 ERROR tvwall.window: Draw failed
Traceback (most recent call last):
  File "C:\Users\marct\Documents\interactive-tv-wall\src\tvwall\app\window.py", line 82, in on_draw
    fps = round(pyglet.clock.get_fps())
                ^^^^^^^^^^^^^^^^^^^^
AttributeError: module 'pyglet.clock' has no attribute 'get_fps'
2026-05-14 00:13:18,434 ERROR tvwall.window: Draw failed
Traceback (most recent call last):
  File "C:\Users\marct\Documents\interactive-tv-wall\src\tvwall\app\window.py", line 82, in on_draw
    fps = round(pyglet.clock.get_fps())
                ^^^^^^^^^^^^^^^^^^^^
AttributeError: module 'pyglet.clock' has no attribute 'get_fps'
2026-05-14 00:13:18,499 ERROR tvwall.window: Draw failed
Traceback (most recent call last):
  File "C:\Users\marct\Documents\interactive-tv-wall\src\tvwall\app\window.py", line 82, in on_draw
    fps = round(pyglet.clock.get_fps())
                ^^^^^^^^^^^^^^^^^^^^
AttributeError: module 'pyglet.clock' has no attribute 'get_fps'
2026-05-14 00:13:18,560 ERROR tvwall.window: Draw failed
Traceback (most recent call last):
  File "C:\Users\marct\Documents\interactive-tv-wall\src\tvwall\app\window.py", line 82, in on_draw
    fps = round(pyglet.clock.get_fps())
                ^^^^^^^^^^^^^^^^^^^^
AttributeError: module 'pyglet.clock' has no attribute 'get_fps'
2026-05-14 00:13:18,623 ERROR tvwall.window: Draw failed
Traceback (most recent call last):
  File "C:\Users\marct\Documents\interactive-tv-wall\src\tvwall\app\window.py", line 82, in on_draw
    fps = round(pyglet.clock.get_fps())
                ^^^^^^^^^^^^^^^^^^^^
AttributeError: module 'pyglet.clock' has no attribute 'get_fps'
2026-05-14 00:13:18,698 ERROR tvwall.window: Draw failed
Traceback (most recent call last):
  File "C:\Users\marct\Documents\interactive-tv-wall\src\tvwall\app\window.py", line 82, in on_draw
    fps = round(pyglet.clock.get_fps())
                ^^^^^^^^^^^^^^^^^^^^
AttributeError: module 'pyglet.clock' has no attribute 'get_fps'
2026-05-14 00:13:18,774 ERROR tvwall.window: Draw failed
Traceback (most recent call last):
  File "C:\Users\marct\Documents\interactive-tv-wall\src\tvwall\app\window.py", line 82, in on_draw
    fps = round(pyglet.clock.get_fps())
                ^^^^^^^^^^^^^^^^^^^^
AttributeError: module 'pyglet.clock' has no attribute 'get_fps'
2026-05-14 00:13:18,840 ERROR tvwall.window: Draw failed
Traceback (most recent call last):
  File "C:\Users\marct\Documents\interactive-tv-wall\src\tvwall\app\window.py", line 82, in on_draw
    fps = round(pyglet.clock.get_fps())
                ^^^^^^^^^^^^^^^^^^^^
AttributeError: module 'pyglet.clock' has no attribute 'get_fps'
2026-05-14 00:13:18,915 ERROR tvwall.window: Draw failed
Traceback (most recent call last):
  File "C:\Users\marct\Documents\interactive-tv-wall\src\tvwall\app\window.py", line 82, in on_draw
    fps = round(pyglet.clock.get_fps())
                ^^^^^^^^^^^^^^^^^^^^
AttributeError: module 'pyglet.clock' has no attribute 'get_fps'
2026-05-14 00:13:18,981 ERROR tvwall.window: Draw failed
Traceback (most recent call last):
  File "C:\Users\marct\Documents\interactive-tv-wall\src\tvwall\app\window.py", line 82, in on_draw
    fps = round(pyglet.clock.get_fps())
                ^^^^^^^^^^^^^^^^^^^^
AttributeError: module 'pyglet.clock' has no attribute 'get_fps'
2026-05-14 00:13:19,046 ERROR tvwall.window: Draw failed
Traceback (most recent call last):
  File "C:\Users\marct\Documents\interactive-tv-wall\src\tvwall\app\window.py", line 82, in on_draw
    fps = round(pyglet.clock.get_fps())
                ^^^^^^^^^^^^^^^^^^^^
AttributeError: module 'pyglet.clock' has no attribute 'get_fps'
2026-05-14 00:13:19,112 ERROR tvwall.window: Draw failed
Traceback (most recent call last):
  File "C:\Users\marct\Documents\interactive-tv-wall\src\tvwall\app\window.py", line 82, in on_draw
    fps = round(pyglet.clock.get_fps())
                ^^^^^^^^^^^^^^^^^^^^
AttributeError: module 'pyglet.clock' has no attribute 'get_fps'
2026-05-14 00:13:19,186 ERROR tvwall.window: Draw failed
Traceback (most recent call last):
  File "C:\Users\marct\Documents\interactive-tv-wall\src\tvwall\app\window.py", line 82, in on_draw
    fps = round(pyglet.clock.get_fps())
                ^^^^^^^^^^^^^^^^^^^^
AttributeError: module 'pyglet.clock' has no attribute 'get_fps'
2026-05-14 00:13:19,265 ERROR tvwall.window: Draw failed
Traceback (most recent call last):
  File "C:\Users\marct\Documents\interactive-tv-wall\src\tvwall\app\window.py", line 82, in on_draw
    fps = round(pyglet.clock.get_fps())
                ^^^^^^^^^^^^^^^^^^^^
AttributeError: module 'pyglet.clock' has no attribute 'get_fps'
2026-05-14 00:13:19,380 ERROR tvwall.window: Draw failed
Traceback (most recent call last):
  File "C:\Users\marct\Documents\interactive-tv-wall\src\tvwall\app\window.py", line 82, in on_draw
    fps = round(pyglet.clock.get_fps())
                ^^^^^^^^^^^^^^^^^^^^
AttributeError: module 'pyglet.clock' has no attribute 'get_fps'
2026-05-14 00:13:19,444 ERROR tvwall.window: Draw failed
Traceback (most recent call last):
  File "C:\Users\marct\Documents\interactive-tv-wall\src\tvwall\app\window.py", line 82, in on_draw
    fps = round(pyglet.clock.get_fps())
                ^^^^^^^^^^^^^^^^^^^^
AttributeError: module 'pyglet.clock' has no attribute 'get_fps'
2026-05-14 00:13:19,511 ERROR tvwall.window: Draw failed
Traceback (most recent call last):
  File "C:\Users\marct\Documents\interactive-tv-wall\src\tvwall\app\window.py", line 82, in on_draw
    fps = round(pyglet.clock.get_fps())
                ^^^^^^^^^^^^^^^^^^^^
AttributeError: module 'pyglet.clock' has no attribute 'get_fps'
2026-05-14 00:13:19,594 ERROR tvwall.window: Draw failed
Traceback (most recent call last):
  File "C:\Users\marct\Documents\interactive-tv-wall\src\tvwall\app\window.py", line 82, in on_draw
    fps = round(pyglet.clock.get_fps())
                ^^^^^^^^^^^^^^^^^^^^
AttributeError: module 'pyglet.clock' has no attribute 'get_fps'
2026-05-14 00:13:19,687 ERROR tvwall.window: Draw failed
Traceback (most recent call last):
  File "C:\Users\marct\Documents\interactive-tv-wall\src\tvwall\app\window.py", line 82, in on_draw
    fps = round(pyglet.clock.get_fps())
                ^^^^^^^^^^^^^^^^^^^^
AttributeError: module 'pyglet.clock' has no attribute 'get_fps'
2026-05-14 00:13:19,777 ERROR tvwall.window: Draw failed
Traceback (most recent call last):
  File "C:\Users\marct\Documents\interactive-tv-wall\src\tvwall\app\window.py", line 82, in on_draw
    fps = round(pyglet.clock.get_fps())
                ^^^^^^^^^^^^^^^^^^^^
AttributeError: module 'pyglet.clock' has no attribute 'get_fps'
2026-05-14 00:13:19,852 ERROR tvwall.window: Draw failed
Traceback (most recent call last):
  File "C:\Users\marct\Documents\interactive-tv-wall\src\tvwall\app\window.py", line 82, in on_draw
    fps = round(pyglet.clock.get_fps())
                ^^^^^^^^^^^^^^^^^^^^
AttributeError: module 'pyglet.clock' has no attribute 'get_fps'
2026-05-14 00:13:19,930 ERROR tvwall.window: Draw failed
Traceback (most recent call last):
  File "C:\Users\marct\Documents\interactive-tv-wall\src\tvwall\app\window.py", line 82, in on_draw
    fps = round(pyglet.clock.get_fps())
                ^^^^^^^^^^^^^^^^^^^^
AttributeError: module 'pyglet.clock' has no attribute 'get_fps'
2026-05-14 00:13:19,996 ERROR tvwall.window: Draw failed
Traceback (most recent call last):
  File "C:\Users\marct\Documents\interactive-tv-wall\src\tvwall\app\window.py", line 82, in on_draw
    fps = round(pyglet.clock.get_fps())
                ^^^^^^^^^^^^^^^^^^^^
AttributeError: module 'pyglet.clock' has no attribute 'get_fps'
2026-05-14 00:13:20,069 ERROR tvwall.window: Draw failed
Traceback (most recent call last):
  File "C:\Users\marct\Documents\interactive-tv-wall\src\tvwall\app\window.py", line 82, in on_draw
    fps = round(pyglet.clock.get_fps())
                ^^^^^^^^^^^^^^^^^^^^
AttributeError: module 'pyglet.clock' has no attribute 'get_fps'
2026-05-14 00:13:20,136 ERROR tvwall.window: Draw failed
Traceback (most recent call last):
  File "C:\Users\marct\Documents\interactive-tv-wall\src\tvwall\app\window.py", line 82, in on_draw
    fps = round(pyglet.clock.get_fps())
                ^^^^^^^^^^^^^^^^^^^^
AttributeError: module 'pyglet.clock' has no attribute 'get_fps'
2026-05-14 00:13:20,211 ERROR tvwall.window: Draw failed
Traceback (most recent call last):
  File "C:\Users\marct\Documents\interactive-tv-wall\src\tvwall\app\window.py", line 82, in on_draw
    fps = round(pyglet.clock.get_fps())
                ^^^^^^^^^^^^^^^^^^^^
AttributeError: module 'pyglet.clock' has no attribute 'get_fps'
2026-05-14 00:13:20,284 ERROR tvwall.window: Draw failed
Traceback (most recent call last):
  File "C:\Users\marct\Documents\interactive-tv-wall\src\tvwall\app\window.py", line 82, in on_draw
    fps = round(pyglet.clock.get_fps())
                ^^^^^^^^^^^^^^^^^^^^
AttributeError: module 'pyglet.clock' has no attribute 'get_fps'
2026-05-14 00:13:20,359 ERROR tvwall.window: Draw failed
Traceback (most recent call last):
  File "C:\Users\marct\Documents\interactive-tv-wall\src\tvwall\app\window.py", line 82, in on_draw
    fps = round(pyglet.clock.get_fps())
                ^^^^^^^^^^^^^^^^^^^^
AttributeError: module 'pyglet.clock' has no attribute 'get_fps'
2026-05-14 00:13:20,427 ERROR tvwall.window: Draw failed
Traceback (most recent call last):
  File "C:\Users\marct\Documents\interactive-tv-wall\src\tvwall\app\window.py", line 82, in on_draw
    fps = round(pyglet.clock.get_fps())
                ^^^^^^^^^^^^^^^^^^^^
AttributeError: module 'pyglet.clock' has no attribute 'get_fps'
2026-05-14 00:13:20,496 ERROR tvwall.window: Draw failed
Traceback (most recent call last):
  File "C:\Users\marct\Documents\interactive-tv-wall\src\tvwall\app\window.py", line 82, in on_draw
    fps = round(pyglet.clock.get_fps())
                ^^^^^^^^^^^^^^^^^^^^
AttributeError: module 'pyglet.clock' has no attribute 'get_fps'
2026-05-14 00:13:20,599 ERROR tvwall.window: Draw failed
Traceback (most recent call last):
  File "C:\Users\marct\Documents\interactive-tv-wall\src\tvwall\app\window.py", line 82, in on_draw
    fps = round(pyglet.clock.get_fps())
                ^^^^^^^^^^^^^^^^^^^^
AttributeError: module 'pyglet.clock' has no attribute 'get_fps'
2026-05-14 00:13:20,686 ERROR tvwall.window: Draw failed
Traceback (most recent call last):
  File "C:\Users\marct\Documents\interactive-tv-wall\src\tvwall\app\window.py", line 82, in on_draw
    fps = round(pyglet.clock.get_fps())
                ^^^^^^^^^^^^^^^^^^^^
AttributeError: module 'pyglet.clock' has no attribute 'get_fps'
2026-05-14 00:13:20,777 ERROR tvwall.window: Draw failed
Traceback (most recent call last):
  File "C:\Users\marct\Documents\interactive-tv-wall\src\tvwall\app\window.py", line 82, in on_draw
    fps = round(pyglet.clock.get_fps())
                ^^^^^^^^^^^^^^^^^^^^
AttributeError: module 'pyglet.clock' has no attribute 'get_fps'
2026-05-14 00:13:20,859 ERROR tvwall.window: Draw failed
Traceback (most recent call last):
  File "C:\Users\marct\Documents\interactive-tv-wall\src\tvwall\app\window.py", line 82, in on_draw
    fps = round(pyglet.clock.get_fps())
                ^^^^^^^^^^^^^^^^^^^^
AttributeError: module 'pyglet.clock' has no attribute 'get_fps'
2026-05-14 00:13:20,951 ERROR tvwall.window: Draw failed
Traceback (most recent call last):
  File "C:\Users\marct\Documents\interactive-tv-wall\src\tvwall\app\window.py", line 82, in on_draw
    fps = round(pyglet.clock.get_fps())
                ^^^^^^^^^^^^^^^^^^^^
AttributeError: module 'pyglet.clock' has no attribute 'get_fps'
2026-05-14 00:13:21,056 ERROR tvwall.window: Draw failed
Traceback (most recent call last):
  File "C:\Users\marct\Documents\interactive-tv-wall\src\tvwall\app\window.py", line 82, in on_draw
    fps = round(pyglet.clock.get_fps())
                ^^^^^^^^^^^^^^^^^^^^
AttributeError: module 'pyglet.clock' has no attribute 'get_fps'
2026-05-14 00:13:21,137 ERROR tvwall.window: Draw failed
Traceback (most recent call last):
  File "C:\Users\marct\Documents\interactive-tv-wall\src\tvwall\app\window.py", line 82, in on_draw
    fps = round(pyglet.clock.get_fps())
                ^^^^^^^^^^^^^^^^^^^^
AttributeError: module 'pyglet.clock' has no attribute 'get_fps'
2026-05-14 00:13:21,229 ERROR tvwall.window: Draw failed
Traceback (most recent call last):
  File "C:\Users\marct\Documents\interactive-tv-wall\src\tvwall\app\window.py", line 82, in on_draw
    fps = round(pyglet.clock.get_fps())
                ^^^^^^^^^^^^^^^^^^^^
AttributeError: module 'pyglet.clock' has no attribute 'get_fps'
2026-05-14 00:13:21,328 ERROR tvwall.window: Draw failed
Traceback (most recent call last):
  File "C:\Users\marct\Documents\interactive-tv-wall\src\tvwall\app\window.py", line 82, in on_draw
    fps = round(pyglet.clock.get_fps())
                ^^^^^^^^^^^^^^^^^^^^
AttributeError: module 'pyglet.clock' has no attribute 'get_fps'
2026-05-14 00:13:21,408 ERROR tvwall.window: Draw failed
Traceback (most recent call last):
  File "C:\Users\marct\Documents\interactive-tv-wall\src\tvwall\app\window.py", line 82, in on_draw
    fps = round(pyglet.clock.get_fps())
                ^^^^^^^^^^^^^^^^^^^^
AttributeError: module 'pyglet.clock' has no attribute 'get_fps'
2026-05-14 00:13:21,493 ERROR tvwall.window: Draw failed
Traceback (most recent call last):
  File "C:\Users\marct\Documents\interactive-tv-wall\src\tvwall\app\window.py", line 82, in on_draw
    fps = round(pyglet.clock.get_fps())
                ^^^^^^^^^^^^^^^^^^^^
AttributeError: module 'pyglet.clock' has no attribute 'get_fps'
2026-05-14 00:13:21,579 ERROR tvwall.window: Draw failed
Traceback (most recent call last):
  File "C:\Users\marct\Documents\interactive-tv-wall\src\tvwall\app\window.py", line 82, in on_draw
    fps = round(pyglet.clock.get_fps())
                ^^^^^^^^^^^^^^^^^^^^
AttributeError: module 'pyglet.clock' has no attribute 'get_fps'
2026-05-14 00:13:21,669 ERROR tvwall.window: Draw failed
Traceback (most recent call last):
  File "C:\Users\marct\Documents\interactive-tv-wall\src\tvwall\app\window.py", line 82, in on_draw
    fps = round(pyglet.clock.get_fps())
                ^^^^^^^^^^^^^^^^^^^^
AttributeError: module 'pyglet.clock' has no attribute 'get_fps'
2026-05-14 00:13:21,733 ERROR tvwall.window: Draw failed
Traceback (most recent call last):
  File "C:\Users\marct\Documents\interactive-tv-wall\src\tvwall\app\window.py", line 82, in on_draw
    fps = round(pyglet.clock.get_fps())
                ^^^^^^^^^^^^^^^^^^^^
AttributeError: module 'pyglet.clock' has no attribute 'get_fps'
2026-05-14 00:13:21,802 ERROR tvwall.window: Draw failed
Traceback (most recent call last):
  File "C:\Users\marct\Documents\interactive-tv-wall\src\tvwall\app\window.py", line 82, in on_draw
    fps = round(pyglet.clock.get_fps())
                ^^^^^^^^^^^^^^^^^^^^
AttributeError: module 'pyglet.clock' has no attribute 'get_fps'
2026-05-14 00:13:21,865 ERROR tvwall.window: Draw failed
Traceback (most recent call last):
  File "C:\Users\marct\Documents\interactive-tv-wall\src\tvwall\app\window.py", line 82, in on_draw
    fps = round(pyglet.clock.get_fps())
                ^^^^^^^^^^^^^^^^^^^^
AttributeError: module 'pyglet.clock' has no attribute 'get_fps'
2026-05-14 00:13:21,931 ERROR tvwall.window: Draw failed
Traceback (most recent call last):
  File "C:\Users\marct\Documents\interactive-tv-wall\src\tvwall\app\window.py", line 82, in on_draw
    fps = round(pyglet.clock.get_fps())
                ^^^^^^^^^^^^^^^^^^^^
AttributeError: module 'pyglet.clock' has no attribute 'get_fps'
2026-05-14 00:13:22,019 ERROR tvwall.window: Draw failed
Traceback (most recent call last):
  File "C:\Users\marct\Documents\interactive-tv-wall\src\tvwall\app\window.py", line 82, in on_draw
    fps = round(pyglet.clock.get_fps())
                ^^^^^^^^^^^^^^^^^^^^
AttributeError: module 'pyglet.clock' has no attribute 'get_fps'
2026-05-14 00:13:22,119 ERROR tvwall.window: Draw failed
Traceback (most recent call last):
  File "C:\Users\marct\Documents\interactive-tv-wall\src\tvwall\app\window.py", line 82, in on_draw
    fps = round(pyglet.clock.get_fps())
                ^^^^^^^^^^^^^^^^^^^^
AttributeError: module 'pyglet.clock' has no attribute 'get_fps'
2026-05-14 00:13:22,200 ERROR tvwall.window: Draw failed
Traceback (most recent call last):
  File "C:\Users\marct\Documents\interactive-tv-wall\src\tvwall\app\window.py", line 82, in on_draw
    fps = round(pyglet.clock.get_fps())
                ^^^^^^^^^^^^^^^^^^^^
AttributeError: module 'pyglet.clock' has no attribute 'get_fps'
2026-05-14 00:13:22,284 ERROR tvwall.window: Draw failed
Traceback (most recent call last):
  File "C:\Users\marct\Documents\interactive-tv-wall\src\tvwall\app\window.py", line 82, in on_draw
    fps = round(pyglet.clock.get_fps())
                ^^^^^^^^^^^^^^^^^^^^
AttributeError: module 'pyglet.clock' has no attribute 'get_fps'
2026-05-14 00:13:22,367 ERROR tvwall.window: Draw failed
Traceback (most recent call last):
  File "C:\Users\marct\Documents\interactive-tv-wall\src\tvwall\app\window.py", line 82, in on_draw
    fps = round(pyglet.clock.get_fps())
                ^^^^^^^^^^^^^^^^^^^^
AttributeError: module 'pyglet.clock' has no attribute 'get_fps'
2026-05-14 00:13:22,454 ERROR tvwall.window: Draw failed
Traceback (most recent call last):
  File "C:\Users\marct\Documents\interactive-tv-wall\src\tvwall\app\window.py", line 82, in on_draw
    fps = round(pyglet.clock.get_fps())
                ^^^^^^^^^^^^^^^^^^^^
AttributeError: module 'pyglet.clock' has no attribute 'get_fps'
2026-05-14 00:13:22,546 ERROR tvwall.window: Draw failed
Traceback (most recent call last):
  File "C:\Users\marct\Documents\interactive-tv-wall\src\tvwall\app\window.py", line 82, in on_draw
    fps = round(pyglet.clock.get_fps())
                ^^^^^^^^^^^^^^^^^^^^
AttributeError: module 'pyglet.clock' has no attribute 'get_fps'
2026-05-14 00:13:22,625 ERROR tvwall.window: Draw failed
Traceback (most recent call last):
  File "C:\Users\marct\Documents\interactive-tv-wall\src\tvwall\app\window.py", line 82, in on_draw
    fps = round(pyglet.clock.get_fps())
                ^^^^^^^^^^^^^^^^^^^^
AttributeError: module 'pyglet.clock' has no attribute 'get_fps'
2026-05-14 00:13:22,709 ERROR tvwall.window: Draw failed
Traceback (most recent call last):
  File "C:\Users\marct\Documents\interactive-tv-wall\src\tvwall\app\window.py", line 82, in on_draw
    fps = round(pyglet.clock.get_fps())
                ^^^^^^^^^^^^^^^^^^^^
AttributeError: module 'pyglet.clock' has no attribute 'get_fps'
2026-05-14 00:13:22,788 ERROR tvwall.window: Draw failed
Traceback (most recent call last):
  File "C:\Users\marct\Documents\interactive-tv-wall\src\tvwall\app\window.py", line 82, in on_draw
    fps = round(pyglet.clock.get_fps())
                ^^^^^^^^^^^^^^^^^^^^
AttributeError: module 'pyglet.clock' has no attribute 'get_fps'
2026-05-14 00:13:22,873 ERROR tvwall.window: Draw failed
Traceback (most recent call last):
  File "C:\Users\marct\Documents\interactive-tv-wall\src\tvwall\app\window.py", line 82, in on_draw
    fps = round(pyglet.clock.get_fps())
                ^^^^^^^^^^^^^^^^^^^^
AttributeError: module 'pyglet.clock' has no attribute 'get_fps'
2026-05-14 00:13:22,954 ERROR tvwall.window: Draw failed
Traceback (most recent call last):
  File "C:\Users\marct\Documents\interactive-tv-wall\src\tvwall\app\window.py", line 82, in on_draw
    fps = round(pyglet.clock.get_fps())
                ^^^^^^^^^^^^^^^^^^^^
AttributeError: module 'pyglet.clock' has no attribute 'get_fps'
2026-05-14 00:13:23,050 ERROR tvwall.window: Draw failed
Traceback (most recent call last):
  File "C:\Users\marct\Documents\interactive-tv-wall\src\tvwall\app\window.py", line 82, in on_draw
    fps = round(pyglet.clock.get_fps())
                ^^^^^^^^^^^^^^^^^^^^
AttributeError: module 'pyglet.clock' has no attribute 'get_fps'
2026-05-14 00:13:23,132 ERROR tvwall.window: Draw failed
Traceback (most recent call last):
  File "C:\Users\marct\Documents\interactive-tv-wall\src\tvwall\app\window.py", line 82, in on_draw
    fps = round(pyglet.clock.get_fps())
                ^^^^^^^^^^^^^^^^^^^^
AttributeError: module 'pyglet.clock' has no attribute 'get_fps'
2026-05-14 00:13:23,222 ERROR tvwall.window: Draw failed
Traceback (most recent call last):
  File "C:\Users\marct\Documents\interactive-tv-wall\src\tvwall\app\window.py", line 82, in on_draw
    fps = round(pyglet.clock.get_fps())
                ^^^^^^^^^^^^^^^^^^^^
AttributeError: module 'pyglet.clock' has no attribute 'get_fps'
2026-05-14 00:13:23,306 ERROR tvwall.window: Draw failed
Traceback (most recent call last):
  File "C:\Users\marct\Documents\interactive-tv-wall\src\tvwall\app\window.py", line 82, in on_draw
    fps = round(pyglet.clock.get_fps())
                ^^^^^^^^^^^^^^^^^^^^
AttributeError: module 'pyglet.clock' has no attribute 'get_fps'
2026-05-14 00:13:23,386 ERROR tvwall.window: Draw failed
Traceback (most recent call last):
  File "C:\Users\marct\Documents\interactive-tv-wall\src\tvwall\app\window.py", line 82, in on_draw
    fps = round(pyglet.clock.get_fps())
                ^^^^^^^^^^^^^^^^^^^^
AttributeError: module 'pyglet.clock' has no attribute 'get_fps'
2026-05-14 00:13:23,458 ERROR tvwall.window: Draw failed
Traceback (most recent call last):
  File "C:\Users\marct\Documents\interactive-tv-wall\src\tvwall\app\window.py", line 82, in on_draw
    fps = round(pyglet.clock.get_fps())
                ^^^^^^^^^^^^^^^^^^^^
AttributeError: module 'pyglet.clock' has no attribute 'get_fps'
2026-05-14 00:13:23,534 ERROR tvwall.window: Draw failed
Traceback (most recent call last):
  File "C:\Users\marct\Documents\interactive-tv-wall\src\tvwall\app\window.py", line 82, in on_draw
    fps = round(pyglet.clock.get_fps())
                ^^^^^^^^^^^^^^^^^^^^
AttributeError: module 'pyglet.clock' has no attribute 'get_fps'
2026-05-14 00:13:23,598 ERROR tvwall.window: Draw failed
Traceback (most recent call last):
  File "C:\Users\marct\Documents\interactive-tv-wall\src\tvwall\app\window.py", line 82, in on_draw
    fps = round(pyglet.clock.get_fps())
                ^^^^^^^^^^^^^^^^^^^^
AttributeError: module 'pyglet.clock' has no attribute 'get_fps'
2026-05-14 00:13:23,663 ERROR tvwall.window: Draw failed
Traceback (most recent call last):
  File "C:\Users\marct\Documents\interactive-tv-wall\src\tvwall\app\window.py", line 82, in on_draw
    fps = round(pyglet.clock.get_fps())
                ^^^^^^^^^^^^^^^^^^^^
AttributeError: module 'pyglet.clock' has no attribute 'get_fps'
2026-05-14 00:13:23,731 ERROR tvwall.window: Draw failed
Traceback (most recent call last):
  File "C:\Users\marct\Documents\interactive-tv-wall\src\tvwall\app\window.py", line 82, in on_draw
    fps = round(pyglet.clock.get_fps())
                ^^^^^^^^^^^^^^^^^^^^
AttributeError: module 'pyglet.clock' has no attribute 'get_fps'
2026-05-14 00:13:23,810 ERROR tvwall.window: Draw failed
Traceback (most recent call last):
  File "C:\Users\marct\Documents\interactive-tv-wall\src\tvwall\app\window.py", line 82, in on_draw
    fps = round(pyglet.clock.get_fps())
                ^^^^^^^^^^^^^^^^^^^^
AttributeError: module 'pyglet.clock' has no attribute 'get_fps'
2026-05-14 00:13:23,892 ERROR tvwall.window: Draw failed
Traceback (most recent call last):
  File "C:\Users\marct\Documents\interactive-tv-wall\src\tvwall\app\window.py", line 82, in on_draw
    fps = round(pyglet.clock.get_fps())
                ^^^^^^^^^^^^^^^^^^^^
AttributeError: module 'pyglet.clock' has no attribute 'get_fps'
2026-05-14 00:13:23,977 ERROR tvwall.window: Draw failed
Traceback (most recent call last):
  File "C:\Users\marct\Documents\interactive-tv-wall\src\tvwall\app\window.py", line 82, in on_draw
    fps = round(pyglet.clock.get_fps())
                ^^^^^^^^^^^^^^^^^^^^
AttributeError: module 'pyglet.clock' has no attribute 'get_fps'
2026-05-14 00:13:24,059 ERROR tvwall.window: Draw failed
Traceback (most recent call last):
  File "C:\Users\marct\Documents\interactive-tv-wall\src\tvwall\app\window.py", line 82, in on_draw
    fps = round(pyglet.clock.get_fps())
                ^^^^^^^^^^^^^^^^^^^^
AttributeError: module 'pyglet.clock' has no attribute 'get_fps'
2026-05-14 00:13:24,142 ERROR tvwall.window: Draw failed
Traceback (most recent call last):
  File "C:\Users\marct\Documents\interactive-tv-wall\src\tvwall\app\window.py", line 82, in on_draw
    fps = round(pyglet.clock.get_fps())
                ^^^^^^^^^^^^^^^^^^^^
AttributeError: module 'pyglet.clock' has no attribute 'get_fps'
2026-05-14 00:13:24,222 ERROR tvwall.window: Draw failed
Traceback (most recent call last):
  File "C:\Users\marct\Documents\interactive-tv-wall\src\tvwall\app\window.py", line 82, in on_draw
    fps = round(pyglet.clock.get_fps())
                ^^^^^^^^^^^^^^^^^^^^
AttributeError: module 'pyglet.clock' has no attribute 'get_fps'
2026-05-14 00:13:24,305 ERROR tvwall.window: Draw failed
Traceback (most recent call last):
  File "C:\Users\marct\Documents\interactive-tv-wall\src\tvwall\app\window.py", line 82, in on_draw
    fps = round(pyglet.clock.get_fps())
                ^^^^^^^^^^^^^^^^^^^^
AttributeError: module 'pyglet.clock' has no attribute 'get_fps'
2026-05-14 00:13:24,395 ERROR tvwall.window: Draw failed
Traceback (most recent call last):
  File "C:\Users\marct\Documents\interactive-tv-wall\src\tvwall\app\window.py", line 82, in on_draw
    fps = round(pyglet.clock.get_fps())
                ^^^^^^^^^^^^^^^^^^^^
AttributeError: module 'pyglet.clock' has no attribute 'get_fps'
2026-05-14 00:13:24,483 ERROR tvwall.window: Draw failed
Traceback (most recent call last):
  File "C:\Users\marct\Documents\interactive-tv-wall\src\tvwall\app\window.py", line 82, in on_draw
    fps = round(pyglet.clock.get_fps())
                ^^^^^^^^^^^^^^^^^^^^
AttributeError: module 'pyglet.clock' has no attribute 'get_fps'
2026-05-14 00:13:24,570 ERROR tvwall.window: Draw failed
Traceback (most recent call last):
  File "C:\Users\marct\Documents\interactive-tv-wall\src\tvwall\app\window.py", line 82, in on_draw
    fps = round(pyglet.clock.get_fps())
                ^^^^^^^^^^^^^^^^^^^^
AttributeError: module 'pyglet.clock' has no attribute 'get_fps'
2026-05-14 00:13:24,664 ERROR tvwall.window: Draw failed
Traceback (most recent call last):
  File "C:\Users\marct\Documents\interactive-tv-wall\src\tvwall\app\window.py", line 82, in on_draw
    fps = round(pyglet.clock.get_fps())
                ^^^^^^^^^^^^^^^^^^^^
AttributeError: module 'pyglet.clock' has no attribute 'get_fps'
2026-05-14 00:13:24,768 ERROR tvwall.window: Draw failed
Traceback (most recent call last):
  File "C:\Users\marct\Documents\interactive-tv-wall\src\tvwall\app\window.py", line 82, in on_draw
    fps = round(pyglet.clock.get_fps())
                ^^^^^^^^^^^^^^^^^^^^
AttributeError: module 'pyglet.clock' has no attribute 'get_fps'
2026-05-14 00:13:24,864 ERROR tvwall.window: Draw failed
Traceback (most recent call last):
  File "C:\Users\marct\Documents\interactive-tv-wall\src\tvwall\app\window.py", line 82, in on_draw
    fps = round(pyglet.clock.get_fps())
                ^^^^^^^^^^^^^^^^^^^^
AttributeError: module 'pyglet.clock' has no attribute 'get_fps'
2026-05-14 00:13:24,957 ERROR tvwall.window: Draw failed
Traceback (most recent call last):
  File "C:\Users\marct\Documents\interactive-tv-wall\src\tvwall\app\window.py", line 82, in on_draw
    fps = round(pyglet.clock.get_fps())
                ^^^^^^^^^^^^^^^^^^^^
AttributeError: module 'pyglet.clock' has no attribute 'get_fps'
2026-05-14 00:13:25,027 ERROR tvwall.window: Draw failed
Traceback (most recent call last):
  File "C:\Users\marct\Documents\interactive-tv-wall\src\tvwall\app\window.py", line 82, in on_draw
    fps = round(pyglet.clock.get_fps())
                ^^^^^^^^^^^^^^^^^^^^
AttributeError: module 'pyglet.clock' has no attribute 'get_fps'
2026-05-14 00:13:25,089 ERROR tvwall.window: Draw failed
Traceback (most recent call last):
  File "C:\Users\marct\Documents\interactive-tv-wall\src\tvwall\app\window.py", line 82, in on_draw
    fps = round(pyglet.clock.get_fps())
                ^^^^^^^^^^^^^^^^^^^^
AttributeError: module 'pyglet.clock' has no attribute 'get_fps'
2026-05-14 00:13:25,155 ERROR tvwall.window: Draw failed
Traceback (most recent call last):
  File "C:\Users\marct\Documents\interactive-tv-wall\src\tvwall\app\window.py", line 82, in on_draw
    fps = round(pyglet.clock.get_fps())
                ^^^^^^^^^^^^^^^^^^^^
AttributeError: module 'pyglet.clock' has no attribute 'get_fps'
2026-05-14 00:13:25,225 ERROR tvwall.window: Draw failed
Traceback (most recent call last):
  File "C:\Users\marct\Documents\interactive-tv-wall\src\tvwall\app\window.py", line 82, in on_draw
    fps = round(pyglet.clock.get_fps())
                ^^^^^^^^^^^^^^^^^^^^
AttributeError: module 'pyglet.clock' has no attribute 'get_fps'
2026-05-14 00:13:25,315 ERROR tvwall.window: Draw failed
Traceback (most recent call last):
  File "C:\Users\marct\Documents\interactive-tv-wall\src\tvwall\app\window.py", line 82, in on_draw
    fps = round(pyglet.clock.get_fps())
                ^^^^^^^^^^^^^^^^^^^^
AttributeError: module 'pyglet.clock' has no attribute 'get_fps'
2026-05-14 00:13:25,382 ERROR tvwall.window: Draw failed
Traceback (most recent call last):
  File "C:\Users\marct\Documents\interactive-tv-wall\src\tvwall\app\window.py", line 82, in on_draw
    fps = round(pyglet.clock.get_fps())
                ^^^^^^^^^^^^^^^^^^^^
AttributeError: module 'pyglet.clock' has no attribute 'get_fps'
2026-05-14 00:13:25,441 ERROR tvwall.window: Draw failed
Traceback (most recent call last):
  File "C:\Users\marct\Documents\interactive-tv-wall\src\tvwall\app\window.py", line 82, in on_draw
    fps = round(pyglet.clock.get_fps())
                ^^^^^^^^^^^^^^^^^^^^
AttributeError: module 'pyglet.clock' has no attribute 'get_fps'
2026-05-14 00:13:25,501 ERROR tvwall.window: Draw failed
Traceback (most recent call last):
  File "C:\Users\marct\Documents\interactive-tv-wall\src\tvwall\app\window.py", line 82, in on_draw
    fps = round(pyglet.clock.get_fps())
                ^^^^^^^^^^^^^^^^^^^^
AttributeError: module 'pyglet.clock' has no attribute 'get_fps'
2026-05-14 00:13:25,581 ERROR tvwall.window: Draw failed
Traceback (most recent call last):
  File "C:\Users\marct\Documents\interactive-tv-wall\src\tvwall\app\window.py", line 82, in on_draw
    fps = round(pyglet.clock.get_fps())
                ^^^^^^^^^^^^^^^^^^^^
AttributeError: module 'pyglet.clock' has no attribute 'get_fps'
2026-05-14 00:13:25,659 ERROR tvwall.window: Draw failed
Traceback (most recent call last):
  File "C:\Users\marct\Documents\interactive-tv-wall\src\tvwall\app\window.py", line 82, in on_draw
    fps = round(pyglet.clock.get_fps())
                ^^^^^^^^^^^^^^^^^^^^
AttributeError: module 'pyglet.clock' has no attribute 'get_fps'
2026-05-14 00:13:25,741 ERROR tvwall.window: Draw failed
Traceback (most recent call last):
  File "C:\Users\marct\Documents\interactive-tv-wall\src\tvwall\app\window.py", line 82, in on_draw
    fps = round(pyglet.clock.get_fps())
                ^^^^^^^^^^^^^^^^^^^^
AttributeError: module 'pyglet.clock' has no attribute 'get_fps'
2026-05-14 00:13:25,824 ERROR tvwall.window: Draw failed
Traceback (most recent call last):
  File "C:\Users\marct\Documents\interactive-tv-wall\src\tvwall\app\window.py", line 82, in on_draw
    fps = round(pyglet.clock.get_fps())
                ^^^^^^^^^^^^^^^^^^^^
AttributeError: module 'pyglet.clock' has no attribute 'get_fps'
2026-05-14 00:13:25,913 ERROR tvwall.window: Draw failed
Traceback (most recent call last):
  File "C:\Users\marct\Documents\interactive-tv-wall\src\tvwall\app\window.py", line 82, in on_draw
    fps = round(pyglet.clock.get_fps())
                ^^^^^^^^^^^^^^^^^^^^
AttributeError: module 'pyglet.clock' has no attribute 'get_fps'
2026-05-14 00:13:25,989 ERROR tvwall.window: Draw failed
Traceback (most recent call last):
  File "C:\Users\marct\Documents\interactive-tv-wall\src\tvwall\app\window.py", line 82, in on_draw
    fps = round(pyglet.clock.get_fps())
                ^^^^^^^^^^^^^^^^^^^^
AttributeError: module 'pyglet.clock' has no attribute 'get_fps'
2026-05-14 00:13:26,075 ERROR tvwall.window: Draw failed
Traceback (most recent call last):
  File "C:\Users\marct\Documents\interactive-tv-wall\src\tvwall\app\window.py", line 82, in on_draw
    fps = round(pyglet.clock.get_fps())
                ^^^^^^^^^^^^^^^^^^^^
AttributeError: module 'pyglet.clock' has no attribute 'get_fps'
2026-05-14 00:13:26,150 ERROR tvwall.window: Draw failed
Traceback (most recent call last):
  File "C:\Users\marct\Documents\interactive-tv-wall\src\tvwall\app\window.py", line 82, in on_draw
    fps = round(pyglet.clock.get_fps())
                ^^^^^^^^^^^^^^^^^^^^
AttributeError: module 'pyglet.clock' has no attribute 'get_fps'
2026-05-14 00:13:26,249 ERROR tvwall.window: Draw failed
Traceback (most recent call last):
  File "C:\Users\marct\Documents\interactive-tv-wall\src\tvwall\app\window.py", line 82, in on_draw
    fps = round(pyglet.clock.get_fps())
                ^^^^^^^^^^^^^^^^^^^^
AttributeError: module 'pyglet.clock' has no attribute 'get_fps'
2026-05-14 00:13:26,330 ERROR tvwall.window: Draw failed
Traceback (most recent call last):
  File "C:\Users\marct\Documents\interactive-tv-wall\src\tvwall\app\window.py", line 82, in on_draw
    fps = round(pyglet.clock.get_fps())
                ^^^^^^^^^^^^^^^^^^^^
AttributeError: module 'pyglet.clock' has no attribute 'get_fps'
2026-05-14 00:13:26,406 ERROR tvwall.window: Draw failed
Traceback (most recent call last):
  File "C:\Users\marct\Documents\interactive-tv-wall\src\tvwall\app\window.py", line 82, in on_draw
    fps = round(pyglet.clock.get_fps())
                ^^^^^^^^^^^^^^^^^^^^
AttributeError: module 'pyglet.clock' has no attribute 'get_fps'
2026-05-14 00:13:26,484 ERROR tvwall.window: Draw failed
Traceback (most recent call last):
  File "C:\Users\marct\Documents\interactive-tv-wall\src\tvwall\app\window.py", line 82, in on_draw
    fps = round(pyglet.clock.get_fps())
                ^^^^^^^^^^^^^^^^^^^^
AttributeError: module 'pyglet.clock' has no attribute 'get_fps'
2026-05-14 00:13:26,564 ERROR tvwall.window: Draw failed
Traceback (most recent call last):
  File "C:\Users\marct\Documents\interactive-tv-wall\src\tvwall\app\window.py", line 82, in on_draw
    fps = round(pyglet.clock.get_fps())
                ^^^^^^^^^^^^^^^^^^^^
AttributeError: module 'pyglet.clock' has no attribute 'get_fps'
2026-05-14 00:13:26,640 ERROR tvwall.window: Draw failed
Traceback (most recent call last):
  File "C:\Users\marct\Documents\interactive-tv-wall\src\tvwall\app\window.py", line 82, in on_draw
    fps = round(pyglet.clock.get_fps())
                ^^^^^^^^^^^^^^^^^^^^
AttributeError: module 'pyglet.clock' has no attribute 'get_fps'
2026-05-14 00:13:26,736 ERROR tvwall.window: Draw failed
Traceback (most recent call last):
  File "C:\Users\marct\Documents\interactive-tv-wall\src\tvwall\app\window.py", line 82, in on_draw
    fps = round(pyglet.clock.get_fps())
                ^^^^^^^^^^^^^^^^^^^^
AttributeError: module 'pyglet.clock' has no attribute 'get_fps'
2026-05-14 00:13:26,813 ERROR tvwall.window: Draw failed
Traceback (most recent call last):
  File "C:\Users\marct\Documents\interactive-tv-wall\src\tvwall\app\window.py", line 82, in on_draw
    fps = round(pyglet.clock.get_fps())
                ^^^^^^^^^^^^^^^^^^^^
AttributeError: module 'pyglet.clock' has no attribute 'get_fps'
2026-05-14 00:13:26,877 ERROR tvwall.window: Draw failed
Traceback (most recent call last):
  File "C:\Users\marct\Documents\interactive-tv-wall\src\tvwall\app\window.py", line 82, in on_draw
    fps = round(pyglet.clock.get_fps())
                ^^^^^^^^^^^^^^^^^^^^
AttributeError: module 'pyglet.clock' has no attribute 'get_fps'
2026-05-14 00:13:26,955 ERROR tvwall.window: Draw failed
Traceback (most recent call last):
  File "C:\Users\marct\Documents\interactive-tv-wall\src\tvwall\app\window.py", line 82, in on_draw
    fps = round(pyglet.clock.get_fps())
                ^^^^^^^^^^^^^^^^^^^^
AttributeError: module 'pyglet.clock' has no attribute 'get_fps'
2026-05-14 00:13:27,033 ERROR tvwall.window: Draw failed
Traceback (most recent call last):
  File "C:\Users\marct\Documents\interactive-tv-wall\src\tvwall\app\window.py", line 82, in on_draw
    fps = round(pyglet.clock.get_fps())
                ^^^^^^^^^^^^^^^^^^^^
AttributeError: module 'pyglet.clock' has no attribute 'get_fps'
2026-05-14 00:13:27,115 ERROR tvwall.window: Draw failed
Traceback (most recent call last):
  File "C:\Users\marct\Documents\interactive-tv-wall\src\tvwall\app\window.py", line 82, in on_draw
    fps = round(pyglet.clock.get_fps())
                ^^^^^^^^^^^^^^^^^^^^
AttributeError: module 'pyglet.clock' has no attribute 'get_fps'
2026-05-14 00:13:27,178 ERROR tvwall.window: Draw failed
Traceback (most recent call last):
  File "C:\Users\marct\Documents\interactive-tv-wall\src\tvwall\app\window.py", line 82, in on_draw
    fps = round(pyglet.clock.get_fps())
                ^^^^^^^^^^^^^^^^^^^^
AttributeError: module 'pyglet.clock' has no attribute 'get_fps'
2026-05-14 00:13:27,238 ERROR tvwall.window: Draw failed
Traceback (most recent call last):
  File "C:\Users\marct\Documents\interactive-tv-wall\src\tvwall\app\window.py", line 82, in on_draw
    fps = round(pyglet.clock.get_fps())
                ^^^^^^^^^^^^^^^^^^^^
AttributeError: module 'pyglet.clock' has no attribute 'get_fps'
2026-05-14 00:13:27,313 ERROR tvwall.window: Draw failed
Traceback (most recent call last):
  File "C:\Users\marct\Documents\interactive-tv-wall\src\tvwall\app\window.py", line 82, in on_draw
    fps = round(pyglet.clock.get_fps())
                ^^^^^^^^^^^^^^^^^^^^
AttributeError: module 'pyglet.clock' has no attribute 'get_fps'
2026-05-14 00:13:27,386 ERROR tvwall.window: Draw failed
Traceback (most recent call last):
  File "C:\Users\marct\Documents\interactive-tv-wall\src\tvwall\app\window.py", line 82, in on_draw
    if state.show_framerate:
                    ^^^^^^^^
AttributeError: module 'pyglet.clock' has no attribute 'get_fps'
2026-05-14 00:13:27,511 ERROR tvwall.window: Draw failed
Traceback (most recent call last):
  File "C:\Users\marct\Documents\interactive-tv-wall\src\tvwall\app\window.py", line 82, in on_draw
    if state.show_framerate:
                    ^^^^^^^^
AttributeError: module 'pyglet.clock' has no attribute 'get_fps'
2026-05-14 00:13:27,617 ERROR tvwall.window: Draw failed
Traceback (most recent call last):
  File "C:\Users\marct\Documents\interactive-tv-wall\src\tvwall\app\window.py", line 82, in on_draw
    if state.show_framerate:
                    ^^^^^^^^
AttributeError: module 'pyglet.clock' has no attribute 'get_fps'
2026-05-14 00:13:27,726 ERROR tvwall.window: Draw failed
Traceback (most recent call last):
  File "C:\Users\marct\Documents\interactive-tv-wall\src\tvwall\app\window.py", line 82, in on_draw
    if state.show_framerate:
                    ^^^^^^^^
AttributeError: module 'pyglet.clock' has no attribute 'get_fps'
2026-05-14 00:13:27,834 ERROR tvwall.window: Draw failed
Traceback (most recent call last):
  File "C:\Users\marct\Documents\interactive-tv-wall\src\tvwall\app\window.py", line 82, in on_draw
    if state.show_framerate:
                    ^^^^^^^^
AttributeError: module 'pyglet.clock' has no attribute 'get_fps'
2026-05-14 00:13:27,929 ERROR tvwall.window: Draw failed
Traceback (most recent call last):
  File "C:\Users\marct\Documents\interactive-tv-wall\src\tvwall\app\window.py", line 82, in on_draw
    if state.show_framerate:
                    ^^^^^^^^
AttributeError: module 'pyglet.clock' has no attribute 'get_fps'
2026-05-14 00:13:28,020 ERROR tvwall.window: Draw failed
Traceback (most recent call last):
  File "C:\Users\marct\Documents\interactive-tv-wall\src\tvwall\app\window.py", line 82, in on_draw
    if state.show_framerate:
                    ^^^^^^^^
AttributeError: module 'pyglet.clock' has no attribute 'get_fps'
2026-05-14 00:13:28,084 ERROR tvwall.window: Draw failed
Traceback (most recent call last):
  File "C:\Users\marct\Documents\interactive-tv-wall\src\tvwall\app\window.py", line 82, in on_draw
    if state.show_framerate:
                    ^^^^^^^^
AttributeError: module 'pyglet.clock' has no attribute 'get_fps'
2026-05-14 00:13:28,150 ERROR tvwall.window: Draw failed
Traceback (most recent call last):
  File "C:\Users\marct\Documents\interactive-tv-wall\src\tvwall\app\window.py", line 82, in on_draw
    if state.show_framerate:
                    ^^^^^^^^
AttributeError: module 'pyglet.clock' has no attribute 'get_fps'
2026-05-14 00:13:28,213 ERROR tvwall.window: Draw failed
Traceback (most recent call last):
  File "C:\Users\marct\Documents\interactive-tv-wall\src\tvwall\app\window.py", line 82, in on_draw
    if state.show_framerate:
                    ^^^^^^^^
AttributeError: module 'pyglet.clock' has no attribute 'get_fps'
2026-05-14 00:13:28,283 ERROR tvwall.window: Draw failed
Traceback (most recent call last):
  File "C:\Users\marct\Documents\interactive-tv-wall\src\tvwall\app\window.py", line 82, in on_draw
    if state.show_framerate:
                    ^^^^^^^^
AttributeError: module 'pyglet.clock' has no attribute 'get_fps'
2026-05-14 00:13:28,345 ERROR tvwall.window: Draw failed
Traceback (most recent call last):
  File "C:\Users\marct\Documents\interactive-tv-wall\src\tvwall\app\window.py", line 82, in on_draw
    if state.show_framerate:
                    ^^^^^^^^
AttributeError: module 'pyglet.clock' has no attribute 'get_fps'
2026-05-14 00:13:28,408 ERROR tvwall.window: Draw failed
Traceback (most recent call last):
  File "C:\Users\marct\Documents\interactive-tv-wall\src\tvwall\app\window.py", line 82, in on_draw
    if state.show_framerate:
                    ^^^^^^^^
AttributeError: module 'pyglet.clock' has no attribute 'get_fps'
2026-05-14 00:13:28,691 ERROR tvwall.window: Draw failed
Traceback (most recent call last):
  File "C:\Users\marct\Documents\interactive-tv-wall\src\tvwall\app\window.py", line 82, in on_draw
    if state.show_framerate:
                    ^^^^^^^^
AttributeError: module 'pyglet.clock' has no attribute 'get_fps'
2026-05-14 00:13:28,772 ERROR tvwall.window: Draw failed
Traceback (most recent call last):
  File "C:\Users\marct\Documents\interactive-tv-wall\src\tvwall\app\window.py", line 82, in on_draw
    if state.show_framerate:
                    ^^^^^^^^
AttributeError: module 'pyglet.clock' has no attribute 'get_fps'
2026-05-14 00:13:28,847 ERROR tvwall.window: Draw failed
Traceback (most recent call last):
  File "C:\Users\marct\Documents\interactive-tv-wall\src\tvwall\app\window.py", line 82, in on_draw
    if state.show_framerate:
                    ^^^^^^^^
AttributeError: module 'pyglet.clock' has no attribute 'get_fps'
2026-05-14 00:13:28,940 ERROR tvwall.window: Draw failed
Traceback (most recent call last):
  File "C:\Users\marct\Documents\interactive-tv-wall\src\tvwall\app\window.py", line 82, in on_draw
    if state.show_framerate:
                    ^^^^^^^^
AttributeError: module 'pyglet.clock' has no attribute 'get_fps'
2026-05-14 00:13:29,026 ERROR tvwall.window: Draw failed
Traceback (most recent call last):
  File "C:\Users\marct\Documents\interactive-tv-wall\src\tvwall\app\window.py", line 82, in on_draw
    if state.show_framerate:
                    ^^^^^^^^
AttributeError: module 'pyglet.clock' has no attribute 'get_fps'
2026-05-14 00:13:29,097 ERROR tvwall.window: Draw failed
Traceback (most recent call last):
  File "C:\Users\marct\Documents\interactive-tv-wall\src\tvwall\app\window.py", line 82, in on_draw
    if state.show_framerate:
                    ^^^^^^^^
AttributeError: module 'pyglet.clock' has no attribute 'get_fps'
2026-05-14 00:13:29,189 ERROR tvwall.window: Draw failed
Traceback (most recent call last):
  File "C:\Users\marct\Documents\interactive-tv-wall\src\tvwall\app\window.py", line 82, in on_draw
    if state.show_framerate:
                    ^^^^^^^^
AttributeError: module 'pyglet.clock' has no attribute 'get_fps'
2026-05-14 00:13:29,289 ERROR tvwall.window: Draw failed
Traceback (most recent call last):
  File "C:\Users\marct\Documents\interactive-tv-wall\src\tvwall\app\window.py", line 82, in on_draw
    if state.show_framerate:
                    ^^^^^^^^
AttributeError: module 'pyglet.clock' has no attribute 'get_fps'
2026-05-14 00:13:29,363 ERROR tvwall.window: Draw failed
Traceback (most recent call last):
  File "C:\Users\marct\Documents\interactive-tv-wall\src\tvwall\app\window.py", line 82, in on_draw
    if state.show_framerate:
                    ^^^^^^^^
AttributeError: module 'pyglet.clock' has no attribute 'get_fps'
2026-05-14 00:13:29,447 ERROR tvwall.window: Draw failed
Traceback (most recent call last):
  File "C:\Users\marct\Documents\interactive-tv-wall\src\tvwall\app\window.py", line 82, in on_draw
    if state.show_framerate:
                    ^^^^^^^^
AttributeError: module 'pyglet.clock' has no attribute 'get_fps'
2026-05-14 00:13:29,517 ERROR tvwall.window: Draw failed
Traceback (most recent call last):
  File "C:\Users\marct\Documents\interactive-tv-wall\src\tvwall\app\window.py", line 82, in on_draw
    if state.show_framerate:
                    ^^^^^^^^
AttributeError: module 'pyglet.clock' has no attribute 'get_fps'
2026-05-14 00:13:29,590 ERROR tvwall.window: Draw failed
Traceback (most recent call last):
  File "C:\Users\marct\Documents\interactive-tv-wall\src\tvwall\app\window.py", line 82, in on_draw
    if state.show_framerate:
                    ^^^^^^^^
AttributeError: module 'pyglet.clock' has no attribute 'get_fps'
2026-05-14 00:13:29,657 ERROR tvwall.window: Draw failed
Traceback (most recent call last):
  File "C:\Users\marct\Documents\interactive-tv-wall\src\tvwall\app\window.py", line 82, in on_draw
    if state.show_framerate:
                    ^^^^^^^^
AttributeError: module 'pyglet.clock' has no attribute 'get_fps'
2026-05-14 00:13:29,720 ERROR tvwall.window: Draw failed
Traceback (most recent call last):
  File "C:\Users\marct\Documents\interactive-tv-wall\src\tvwall\app\window.py", line 82, in on_draw
    if state.show_framerate:
                    ^^^^^^^^
AttributeError: module 'pyglet.clock' has no attribute 'get_fps'
2026-05-14 00:13:29,785 ERROR tvwall.window: Draw failed
Traceback (most recent call last):
  File "C:\Users\marct\Documents\interactive-tv-wall\src\tvwall\app\window.py", line 82, in on_draw
    if state.show_framerate:
                    ^^^^^^^^
AttributeError: module 'pyglet.clock' has no attribute 'get_fps'
2026-05-14 00:13:29,845 ERROR tvwall.window: Draw failed
Traceback (most recent call last):
  File "C:\Users\marct\Documents\interactive-tv-wall\src\tvwall\app\window.py", line 82, in on_draw
    if state.show_framerate:
                    ^^^^^^^^
AttributeError: module 'pyglet.clock' has no attribute 'get_fps'
2026-05-14 00:13:29,907 ERROR tvwall.window: Draw failed
Traceback (most recent call last):
  File "C:\Users\marct\Documents\interactive-tv-wall\src\tvwall\app\window.py", line 82, in on_draw
    if state.show_framerate:
                    ^^^^^^^^
AttributeError: module 'pyglet.clock' has no attribute 'get_fps'
2026-05-14 00:13:29,971 ERROR tvwall.window: Draw failed
Traceback (most recent call last):
  File "C:\Users\marct\Documents\interactive-tv-wall\src\tvwall\app\window.py", line 82, in on_draw
    if state.show_framerate:
                    ^^^^^^^^
AttributeError: module 'pyglet.clock' has no attribute 'get_fps'
2026-05-14 00:13:30,037 ERROR tvwall.window: Draw failed
Traceback (most recent call last):
  File "C:\Users\marct\Documents\interactive-tv-wall\src\tvwall\app\window.py", line 82, in on_draw
    if state.show_framerate:
                    ^^^^^^^^
AttributeError: module 'pyglet.clock' has no attribute 'get_fps'
2026-05-14 00:13:30,102 ERROR tvwall.window: Draw failed
Traceback (most recent call last):
  File "C:\Users\marct\Documents\interactive-tv-wall\src\tvwall\app\window.py", line 82, in on_draw
    if state.show_framerate:
                    ^^^^^^^^
AttributeError: module 'pyglet.clock' has no attribute 'get_fps'
2026-05-14 00:13:30,167 ERROR tvwall.window: Draw failed
Traceback (most recent call last):
  File "C:\Users\marct\Documents\interactive-tv-wall\src\tvwall\app\window.py", line 82, in on_draw
    if state.show_framerate:
                    ^^^^^^^^
AttributeError: module 'pyglet.clock' has no attribute 'get_fps'
2026-05-14 00:13:30,244 ERROR tvwall.window: Draw failed
Traceback (most recent call last):
  File "C:\Users\marct\Documents\interactive-tv-wall\src\tvwall\app\window.py", line 82, in on_draw
    if state.show_framerate:
                    ^^^^^^^^
AttributeError: module 'pyglet.clock' has no attribute 'get_fps'
2026-05-14 00:13:30,336 ERROR tvwall.window: Draw failed
Traceback (most recent call last):
  File "C:\Users\marct\Documents\interactive-tv-wall\src\tvwall\app\window.py", line 82, in on_draw
    if state.show_framerate:
                    ^^^^^^^^
AttributeError: module 'pyglet.clock' has no attribute 'get_fps'
2026-05-14 00:13:30,419 ERROR tvwall.window: Draw failed
Traceback (most recent call last):
  File "C:\Users\marct\Documents\interactive-tv-wall\src\tvwall\app\window.py", line 82, in on_draw
    if state.show_framerate:
                    ^^^^^^^^
AttributeError: module 'pyglet.clock' has no attribute 'get_fps'
2026-05-14 00:13:30,531 ERROR tvwall.window: Draw failed
Traceback (most recent call last):
  File "C:\Users\marct\Documents\interactive-tv-wall\src\tvwall\app\window.py", line 82, in on_draw
    if state.show_framerate:
                    ^^^^^^^^
AttributeError: module 'pyglet.clock' has no attribute 'get_fps'
2026-05-14 00:13:30,605 ERROR tvwall.window: Draw failed
Traceback (most recent call last):
  File "C:\Users\marct\Documents\interactive-tv-wall\src\tvwall\app\window.py", line 82, in on_draw
    if state.show_framerate:
                    ^^^^^^^^
AttributeError: module 'pyglet.clock' has no attribute 'get_fps'
2026-05-14 00:13:30,679 ERROR tvwall.window: Draw failed
Traceback (most recent call last):
  File "C:\Users\marct\Documents\interactive-tv-wall\src\tvwall\app\window.py", line 82, in on_draw
    if state.show_framerate:
                    ^^^^^^^^
AttributeError: module 'pyglet.clock' has no attribute 'get_fps'
2026-05-14 00:13:30,760 ERROR tvwall.window: Draw failed
Traceback (most recent call last):
  File "C:\Users\marct\Documents\interactive-tv-wall\src\tvwall\app\window.py", line 82, in on_draw
    if state.show_framerate:
                    ^^^^^^^^
AttributeError: module 'pyglet.clock' has no attribute 'get_fps'
2026-05-14 00:13:30,834 ERROR tvwall.window: Draw failed
Traceback (most recent call last):
  File "C:\Users\marct\Documents\interactive-tv-wall\src\tvwall\app\window.py", line 82, in on_draw
    if state.show_framerate:
                    ^^^^^^^^
AttributeError: module 'pyglet.clock' has no attribute 'get_fps'
2026-05-14 00:13:30,915 ERROR tvwall.window: Draw failed
Traceback (most recent call last):
  File "C:\Users\marct\Documents\interactive-tv-wall\src\tvwall\app\window.py", line 82, in on_draw
    if state.show_framerate:
                    ^^^^^^^^
AttributeError: module 'pyglet.clock' has no attribute 'get_fps'
2026-05-14 00:13:30,990 ERROR tvwall.window: Draw failed
Traceback (most recent call last):
  File "C:\Users\marct\Documents\interactive-tv-wall\src\tvwall\app\window.py", line 82, in on_draw
    if state.show_framerate:
                    ^^^^^^^^
AttributeError: module 'pyglet.clock' has no attribute 'get_fps'
2026-05-14 00:13:31,057 ERROR tvwall.window: Draw failed
Traceback (most recent call last):
  File "C:\Users\marct\Documents\interactive-tv-wall\src\tvwall\app\window.py", line 82, in on_draw
    if state.show_framerate:
                    ^^^^^^^^
AttributeError: module 'pyglet.clock' has no attribute 'get_fps'
2026-05-14 00:13:31,120 ERROR tvwall.window: Draw failed
Traceback (most recent call last):
  File "C:\Users\marct\Documents\interactive-tv-wall\src\tvwall\app\window.py", line 82, in on_draw
    if state.show_framerate:
                    ^^^^^^^^
AttributeError: module 'pyglet.clock' has no attribute 'get_fps'
2026-05-14 00:13:31,181 ERROR tvwall.window: Draw failed
Traceback (most recent call last):
  File "C:\Users\marct\Documents\interactive-tv-wall\src\tvwall\app\window.py", line 82, in on_draw
    if state.show_framerate:
                    ^^^^^^^^
AttributeError: module 'pyglet.clock' has no attribute 'get_fps'
2026-05-14 00:13:31,244 ERROR tvwall.window: Draw failed
Traceback (most recent call last):
  File "C:\Users\marct\Documents\interactive-tv-wall\src\tvwall\app\window.py", line 82, in on_draw
    if state.show_framerate:
                    ^^^^^^^^
AttributeError: module 'pyglet.clock' has no attribute 'get_fps'
2026-05-14 00:13:31,306 ERROR tvwall.window: Draw failed
Traceback (most recent call last):
  File "C:\Users\marct\Documents\interactive-tv-wall\src\tvwall\app\window.py", line 82, in on_draw
    if state.show_framerate:
                    ^^^^^^^^
AttributeError: module 'pyglet.clock' has no attribute 'get_fps'
2026-05-14 00:13:31,365 ERROR tvwall.window: Draw failed
Traceback (most recent call last):
  File "C:\Users\marct\Documents\interactive-tv-wall\src\tvwall\app\window.py", line 82, in on_draw
    if state.show_framerate:
                    ^^^^^^^^
AttributeError: module 'pyglet.clock' has no attribute 'get_fps'
2026-05-14 00:13:31,427 ERROR tvwall.window: Draw failed
Traceback (most recent call last):
  File "C:\Users\marct\Documents\interactive-tv-wall\src\tvwall\app\window.py", line 82, in on_draw
    if state.show_framerate:
                    ^^^^^^^^
AttributeError: module 'pyglet.clock' has no attribute 'get_fps'
2026-05-14 00:13:31,491 ERROR tvwall.window: Draw failed
Traceback (most recent call last):
  File "C:\Users\marct\Documents\interactive-tv-wall\src\tvwall\app\window.py", line 82, in on_draw
    if state.show_framerate:
                    ^^^^^^^^
AttributeError: module 'pyglet.clock' has no attribute 'get_fps'
2026-05-14 00:13:31,565 ERROR tvwall.window: Draw failed
Traceback (most recent call last):
  File "C:\Users\marct\Documents\interactive-tv-wall\src\tvwall\app\window.py", line 82, in on_draw
    if state.show_framerate:
                    ^^^^^^^^
AttributeError: module 'pyglet.clock' has no attribute 'get_fps'
2026-05-14 00:13:31,625 ERROR tvwall.window: Draw failed
Traceback (most recent call last):
  File "C:\Users\marct\Documents\interactive-tv-wall\src\tvwall\app\window.py", line 82, in on_draw
    if state.show_framerate:
                    ^^^^^^^^
AttributeError: module 'pyglet.clock' has no attribute 'get_fps'
2026-05-14 00:13:31,690 ERROR tvwall.window: Draw failed
Traceback (most recent call last):
  File "C:\Users\marct\Documents\interactive-tv-wall\src\tvwall\app\window.py", line 82, in on_draw
    if state.show_framerate:
                    ^^^^^^^^
AttributeError: module 'pyglet.clock' has no attribute 'get_fps'
2026-05-14 00:13:31,750 ERROR tvwall.window: Draw failed
Traceback (most recent call last):
  File "C:\Users\marct\Documents\interactive-tv-wall\src\tvwall\app\window.py", line 82, in on_draw
    if state.show_framerate:
                    ^^^^^^^^
AttributeError: module 'pyglet.clock' has no attribute 'get_fps'
2026-05-14 00:13:31,816 ERROR tvwall.window: Draw failed
Traceback (most recent call last):
  File "C:\Users\marct\Documents\interactive-tv-wall\src\tvwall\app\window.py", line 82, in on_draw
    if state.show_framerate:
                    ^^^^^^^^
AttributeError: module 'pyglet.clock' has no attribute 'get_fps'
2026-05-14 00:13:31,875 ERROR tvwall.window: Draw failed
Traceback (most recent call last):
  File "C:\Users\marct\Documents\interactive-tv-wall\src\tvwall\app\window.py", line 82, in on_draw
    if state.show_framerate:
                    ^^^^^^^^
AttributeError: module 'pyglet.clock' has no attribute 'get_fps'
2026-05-14 00:13:31,935 ERROR tvwall.window: Draw failed
Traceback (most recent call last):
  File "C:\Users\marct\Documents\interactive-tv-wall\src\tvwall\app\window.py", line 82, in on_draw
    if state.show_framerate:
                    ^^^^^^^^
AttributeError: module 'pyglet.clock' has no attribute 'get_fps'
2026-05-14 00:13:31,999 ERROR tvwall.window: Draw failed
Traceback (most recent call last):
  File "C:\Users\marct\Documents\interactive-tv-wall\src\tvwall\app\window.py", line 82, in on_draw
    if state.show_framerate:
                    ^^^^^^^^
AttributeError: module 'pyglet.clock' has no attribute 'get_fps'
2026-05-14 00:13:32,059 ERROR tvwall.window: Draw failed
Traceback (most recent call last):
  File "C:\Users\marct\Documents\interactive-tv-wall\src\tvwall\app\window.py", line 82, in on_draw
    if state.show_framerate:
                    ^^^^^^^^
AttributeError: module 'pyglet.clock' has no attribute 'get_fps'
2026-05-14 00:13:32,123 ERROR tvwall.window: Draw failed
Traceback (most recent call last):
  File "C:\Users\marct\Documents\interactive-tv-wall\src\tvwall\app\window.py", line 82, in on_draw
    if state.show_framerate:
                    ^^^^^^^^
AttributeError: module 'pyglet.clock' has no attribute 'get_fps'
2026-05-14 00:13:32,186 ERROR tvwall.window: Draw failed
Traceback (most recent call last):
  File "C:\Users\marct\Documents\interactive-tv-wall\src\tvwall\app\window.py", line 82, in on_draw
    if state.show_framerate:
                    ^^^^^^^^
AttributeError: module 'pyglet.clock' has no attribute 'get_fps'
2026-05-14 00:13:32,253 ERROR tvwall.window: Draw failed
Traceback (most recent call last):
  File "C:\Users\marct\Documents\interactive-tv-wall\src\tvwall\app\window.py", line 82, in on_draw
    if state.show_framerate:
                    ^^^^^^^^
AttributeError: module 'pyglet.clock' has no attribute 'get_fps'
2026-05-14 00:13:32,335 ERROR tvwall.window: Draw failed
Traceback (most recent call last):
  File "C:\Users\marct\Documents\interactive-tv-wall\src\tvwall\app\window.py", line 82, in on_draw
    if state.show_framerate:
                    ^^^^^^^^
AttributeError: module 'pyglet.clock' has no attribute 'get_fps'
2026-05-14 00:13:32,405 ERROR tvwall.window: Draw failed
Traceback (most recent call last):
  File "C:\Users\marct\Documents\interactive-tv-wall\src\tvwall\app\window.py", line 82, in on_draw
    if state.show_framerate:
                    ^^^^^^^^
AttributeError: module 'pyglet.clock' has no attribute 'get_fps'
2026-05-14 00:13:32,464 ERROR tvwall.window: Draw failed
Traceback (most recent call last):
  File "C:\Users\marct\Documents\interactive-tv-wall\src\tvwall\app\window.py", line 82, in on_draw
    if state.show_framerate:
                    ^^^^^^^^
AttributeError: module 'pyglet.clock' has no attribute 'get_fps'
2026-05-14 00:13:32,530 ERROR tvwall.window: Draw failed
Traceback (most recent call last):
  File "C:\Users\marct\Documents\interactive-tv-wall\src\tvwall\app\window.py", line 82, in on_draw
    if state.show_framerate:
                    ^^^^^^^^
AttributeError: module 'pyglet.clock' has no attribute 'get_fps'
2026-05-14 00:13:32,594 ERROR tvwall.window: Draw failed
Traceback (most recent call last):
  File "C:\Users\marct\Documents\interactive-tv-wall\src\tvwall\app\window.py", line 82, in on_draw
    if state.show_framerate:
                    ^^^^^^^^
AttributeError: module 'pyglet.clock' has no attribute 'get_fps'
2026-05-14 00:13:32,655 ERROR tvwall.window: Draw failed
Traceback (most recent call last):
  File "C:\Users\marct\Documents\interactive-tv-wall\src\tvwall\app\window.py", line 82, in on_draw
    if state.show_framerate:
                    ^^^^^^^^
AttributeError: module 'pyglet.clock' has no attribute 'get_fps'
2026-05-14 00:13:32,718 ERROR tvwall.window: Draw failed
Traceback (most recent call last):
  File "C:\Users\marct\Documents\interactive-tv-wall\src\tvwall\app\window.py", line 82, in on_draw
    if state.show_framerate:
                    ^^^^^^^^
AttributeError: module 'pyglet.clock' has no attribute 'get_fps'
2026-05-14 00:13:32,784 ERROR tvwall.window: Draw failed
Traceback (most recent call last):
  File "C:\Users\marct\Documents\interactive-tv-wall\src\tvwall\app\window.py", line 82, in on_draw
    if state.show_framerate:
                    ^^^^^^^^
AttributeError: module 'pyglet.clock' has no attribute 'get_fps'
2026-05-14 00:13:32,861 ERROR tvwall.window: Draw failed
Traceback (most recent call last):
  File "C:\Users\marct\Documents\interactive-tv-wall\src\tvwall\app\window.py", line 82, in on_draw
    if state.show_framerate:
                    ^^^^^^^^
AttributeError: module 'pyglet.clock' has no attribute 'get_fps'
2026-05-14 00:13:32,928 ERROR tvwall.window: Draw failed
Traceback (most recent call last):
  File "C:\Users\marct\Documents\interactive-tv-wall\src\tvwall\app\window.py", line 82, in on_draw
    if state.show_framerate:
                    ^^^^^^^^
AttributeError: module 'pyglet.clock' has no attribute 'get_fps'
2026-05-14 00:13:32,992 ERROR tvwall.window: Draw failed
Traceback (most recent call last):
  File "C:\Users\marct\Documents\interactive-tv-wall\src\tvwall\app\window.py", line 82, in on_draw
    if state.show_framerate:
                    ^^^^^^^^
AttributeError: module 'pyglet.clock' has no attribute 'get_fps'
2026-05-14 00:13:33,060 ERROR tvwall.window: Draw failed
Traceback (most recent call last):
  File "C:\Users\marct\Documents\interactive-tv-wall\src\tvwall\app\window.py", line 82, in on_draw
    if state.show_framerate:
                    ^^^^^^^^
AttributeError: module 'pyglet.clock' has no attribute 'get_fps'
2026-05-14 00:13:33,138 ERROR tvwall.window: Draw failed
Traceback (most recent call last):
  File "C:\Users\marct\Documents\interactive-tv-wall\src\tvwall\app\window.py", line 82, in on_draw
    if state.show_framerate:
                    ^^^^^^^^
AttributeError: module 'pyglet.clock' has no attribute 'get_fps'
2026-05-14 00:13:33,200 ERROR tvwall.window: Draw failed
Traceback (most recent call last):
  File "C:\Users\marct\Documents\interactive-tv-wall\src\tvwall\app\window.py", line 82, in on_draw
    if state.show_framerate:
                    ^^^^^^^^
AttributeError: module 'pyglet.clock' has no attribute 'get_fps'
2026-05-14 00:13:33,265 ERROR tvwall.window: Draw failed
Traceback (most recent call last):
  File "C:\Users\marct\Documents\interactive-tv-wall\src\tvwall\app\window.py", line 82, in on_draw
    if state.show_framerate:
                    ^^^^^^^^
AttributeError: module 'pyglet.clock' has no attribute 'get_fps'
2026-05-14 00:13:33,345 ERROR tvwall.window: Draw failed
Traceback (most recent call last):
  File "C:\Users\marct\Documents\interactive-tv-wall\src\tvwall\app\window.py", line 82, in on_draw
    if state.show_framerate:
                    ^^^^^^^^
AttributeError: module 'pyglet.clock' has no attribute 'get_fps'
2026-05-14 00:13:33,407 ERROR tvwall.window: Draw failed
Traceback (most recent call last):
  File "C:\Users\marct\Documents\interactive-tv-wall\src\tvwall\app\window.py", line 82, in on_draw
    if state.show_framerate:
                    ^^^^^^^^
AttributeError: module 'pyglet.clock' has no attribute 'get_fps'
2026-05-14 00:13:33,468 ERROR tvwall.window: Draw failed
Traceback (most recent call last):
  File "C:\Users\marct\Documents\interactive-tv-wall\src\tvwall\app\window.py", line 82, in on_draw
    if state.show_framerate:
                    ^^^^^^^^
AttributeError: module 'pyglet.clock' has no attribute 'get_fps'
2026-05-14 00:13:33,550 ERROR tvwall.window: Draw failed
Traceback (most recent call last):
  File "C:\Users\marct\Documents\interactive-tv-wall\src\tvwall\app\window.py", line 82, in on_draw
    if state.show_framerate:
                    ^^^^^^^^
AttributeError: module 'pyglet.clock' has no attribute 'get_fps'
2026-05-14 00:13:33,614 ERROR tvwall.window: Draw failed
Traceback (most recent call last):
  File "C:\Users\marct\Documents\interactive-tv-wall\src\tvwall\app\window.py", line 82, in on_draw
    if state.show_framerate:
                    ^^^^^^^^
AttributeError: module 'pyglet.clock' has no attribute 'get_fps'
2026-05-14 00:13:33,697 ERROR tvwall.window: Draw failed
Traceback (most recent call last):
  File "C:\Users\marct\Documents\interactive-tv-wall\src\tvwall\app\window.py", line 82, in on_draw
    if state.show_framerate:
                    ^^^^^^^^
AttributeError: module 'pyglet.clock' has no attribute 'get_fps'
2026-05-14 00:13:33,758 ERROR tvwall.window: Draw failed
Traceback (most recent call last):
  File "C:\Users\marct\Documents\interactive-tv-wall\src\tvwall\app\window.py", line 82, in on_draw
    if state.show_framerate:
                    ^^^^^^^^
AttributeError: module 'pyglet.clock' has no attribute 'get_fps'
2026-05-14 00:13:33,827 ERROR tvwall.window: Draw failed
Traceback (most recent call last):
  File "C:\Users\marct\Documents\interactive-tv-wall\src\tvwall\app\window.py", line 82, in on_draw
    if state.show_framerate:
                    ^^^^^^^^
AttributeError: module 'pyglet.clock' has no attribute 'get_fps'
2026-05-14 00:13:33,890 ERROR tvwall.window: Draw failed
Traceback (most recent call last):
  File "C:\Users\marct\Documents\interactive-tv-wall\src\tvwall\app\window.py", line 82, in on_draw
    if state.show_framerate:
                    ^^^^^^^^
AttributeError: module 'pyglet.clock' has no attribute 'get_fps'
2026-05-14 00:13:33,951 ERROR tvwall.window: Draw failed
Traceback (most recent call last):
  File "C:\Users\marct\Documents\interactive-tv-wall\src\tvwall\app\window.py", line 82, in on_draw
    if state.show_framerate:
                    ^^^^^^^^
AttributeError: module 'pyglet.clock' has no attribute 'get_fps'
2026-05-14 00:13:34,014 ERROR tvwall.window: Draw failed
Traceback (most recent call last):
  File "C:\Users\marct\Documents\interactive-tv-wall\src\tvwall\app\window.py", line 82, in on_draw
    if state.show_framerate:
                    ^^^^^^^^
AttributeError: module 'pyglet.clock' has no attribute 'get_fps'
2026-05-14 00:13:34,080 ERROR tvwall.window: Draw failed
Traceback (most recent call last):
  File "C:\Users\marct\Documents\interactive-tv-wall\src\tvwall\app\window.py", line 82, in on_draw
    if state.show_framerate:
                    ^^^^^^^^
AttributeError: module 'pyglet.clock' has no attribute 'get_fps'
2026-05-14 00:13:34,146 ERROR tvwall.window: Draw failed
Traceback (most recent call last):
  File "C:\Users\marct\Documents\interactive-tv-wall\src\tvwall\app\window.py", line 82, in on_draw
    if state.show_framerate:
                    ^^^^^^^^
AttributeError: module 'pyglet.clock' has no attribute 'get_fps'
2026-05-14 00:13:34,212 ERROR tvwall.window: Draw failed
Traceback (most recent call last):
  File "C:\Users\marct\Documents\interactive-tv-wall\src\tvwall\app\window.py", line 82, in on_draw
    if state.show_framerate:
                    ^^^^^^^^
AttributeError: module 'pyglet.clock' has no attribute 'get_fps'
2026-05-14 00:13:34,274 ERROR tvwall.window: Draw failed
Traceback (most recent call last):
  File "C:\Users\marct\Documents\interactive-tv-wall\src\tvwall\app\window.py", line 82, in on_draw
    if state.show_framerate:
                    ^^^^^^^^
AttributeError: module 'pyglet.clock' has no attribute 'get_fps'
2026-05-14 00:13:34,335 ERROR tvwall.window: Draw failed
Traceback (most recent call last):
  File "C:\Users\marct\Documents\interactive-tv-wall\src\tvwall\app\window.py", line 82, in on_draw
    if state.show_framerate:
                    ^^^^^^^^
AttributeError: module 'pyglet.clock' has no attribute 'get_fps'
2026-05-14 00:13:34,403 ERROR tvwall.window: Draw failed
Traceback (most recent call last):
  File "C:\Users\marct\Documents\interactive-tv-wall\src\tvwall\app\window.py", line 82, in on_draw
    if state.show_framerate:
                    ^^^^^^^^
AttributeError: module 'pyglet.clock' has no attribute 'get_fps'
2026-05-14 00:13:34,465 ERROR tvwall.window: Draw failed
Traceback (most recent call last):
  File "C:\Users\marct\Documents\interactive-tv-wall\src\tvwall\app\window.py", line 82, in on_draw
    if state.show_framerate:
                    ^^^^^^^^
AttributeError: module 'pyglet.clock' has no attribute 'get_fps'
2026-05-14 00:13:34,527 ERROR tvwall.window: Draw failed
Traceback (most recent call last):
  File "C:\Users\marct\Documents\interactive-tv-wall\src\tvwall\app\window.py", line 82, in on_draw
    if state.show_framerate:
                    ^^^^^^^^
AttributeError: module 'pyglet.clock' has no attribute 'get_fps'
2026-05-14 00:13:34,589 ERROR tvwall.window: Draw failed
Traceback (most recent call last):
  File "C:\Users\marct\Documents\interactive-tv-wall\src\tvwall\app\window.py", line 82, in on_draw
    if state.show_framerate:
                    ^^^^^^^^
AttributeError: module 'pyglet.clock' has no attribute 'get_fps'
2026-05-14 00:13:34,649 ERROR tvwall.window: Draw failed
Traceback (most recent call last):
  File "C:\Users\marct\Documents\interactive-tv-wall\src\tvwall\app\window.py", line 82, in on_draw
    if state.show_framerate:
                    ^^^^^^^^
AttributeError: module 'pyglet.clock' has no attribute 'get_fps'
2026-05-14 00:13:34,709 ERROR tvwall.window: Draw failed
Traceback (most recent call last):
  File "C:\Users\marct\Documents\interactive-tv-wall\src\tvwall\app\window.py", line 82, in on_draw
    if state.show_framerate:
                    ^^^^^^^^
AttributeError: module 'pyglet.clock' has no attribute 'get_fps'
2026-05-14 00:13:34,771 ERROR tvwall.window: Draw failed
Traceback (most recent call last):
  File "C:\Users\marct\Documents\interactive-tv-wall\src\tvwall\app\window.py", line 82, in on_draw
    if state.show_framerate:
                    ^^^^^^^^
AttributeError: module 'pyglet.clock' has no attribute 'get_fps'
2026-05-14 00:13:34,846 ERROR tvwall.window: Draw failed
Traceback (most recent call last):
  File "C:\Users\marct\Documents\interactive-tv-wall\src\tvwall\app\window.py", line 82, in on_draw
    if state.show_framerate:
                    ^^^^^^^^
AttributeError: module 'pyglet.clock' has no attribute 'get_fps'
2026-05-14 00:13:34,907 ERROR tvwall.window: Draw failed
Traceback (most recent call last):
  File "C:\Users\marct\Documents\interactive-tv-wall\src\tvwall\app\window.py", line 82, in on_draw
    if state.show_framerate:
                    ^^^^^^^^
AttributeError: module 'pyglet.clock' has no attribute 'get_fps'
2026-05-14 00:13:34,972 ERROR tvwall.window: Draw failed
Traceback (most recent call last):
  File "C:\Users\marct\Documents\interactive-tv-wall\src\tvwall\app\window.py", line 82, in on_draw
    if state.show_framerate:
                    ^^^^^^^^
AttributeError: module 'pyglet.clock' has no attribute 'get_fps'
2026-05-14 00:13:35,034 ERROR tvwall.window: Draw failed
Traceback (most recent call last):
  File "C:\Users\marct\Documents\interactive-tv-wall\src\tvwall\app\window.py", line 82, in on_draw
    if state.show_framerate:
                    ^^^^^^^^
AttributeError: module 'pyglet.clock' has no attribute 'get_fps'
2026-05-14 00:13:35,110 ERROR tvwall.window: Draw failed
Traceback (most recent call last):
  File "C:\Users\marct\Documents\interactive-tv-wall\src\tvwall\app\window.py", line 82, in on_draw
    if state.show_framerate:
                    ^^^^^^^^
AttributeError: module 'pyglet.clock' has no attribute 'get_fps'
2026-05-14 00:13:35,175 ERROR tvwall.window: Draw failed
Traceback (most recent call last):
  File "C:\Users\marct\Documents\interactive-tv-wall\src\tvwall\app\window.py", line 82, in on_draw
    if state.show_framerate:
                    ^^^^^^^^
AttributeError: module 'pyglet.clock' has no attribute 'get_fps'
2026-05-14 00:13:35,252 ERROR tvwall.window: Draw failed
Traceback (most recent call last):
  File "C:\Users\marct\Documents\interactive-tv-wall\src\tvwall\app\window.py", line 82, in on_draw
    if state.show_framerate:
                    ^^^^^^^^
AttributeError: module 'pyglet.clock' has no attribute 'get_fps'
2026-05-14 00:13:35,313 ERROR tvwall.window: Draw failed
Traceback (most recent call last):
  File "C:\Users\marct\Documents\interactive-tv-wall\src\tvwall\app\window.py", line 82, in on_draw
    if state.show_framerate:
                    ^^^^^^^^
AttributeError: module 'pyglet.clock' has no attribute 'get_fps'
2026-05-14 00:13:35,376 ERROR tvwall.window: Draw failed
Traceback (most recent call last):
  File "C:\Users\marct\Documents\interactive-tv-wall\src\tvwall\app\window.py", line 82, in on_draw
    if state.show_framerate:
                    ^^^^^^^^
AttributeError: module 'pyglet.clock' has no attribute 'get_fps'
2026-05-14 00:13:35,453 ERROR tvwall.window: Draw failed
Traceback (most recent call last):
  File "C:\Users\marct\Documents\interactive-tv-wall\src\tvwall\app\window.py", line 82, in on_draw
    if state.show_framerate:
                    ^^^^^^^^
AttributeError: module 'pyglet.clock' has no attribute 'get_fps'
2026-05-14 00:13:35,514 ERROR tvwall.window: Draw failed
Traceback (most recent call last):
  File "C:\Users\marct\Documents\interactive-tv-wall\src\tvwall\app\window.py", line 82, in on_draw
    if state.show_framerate:
                    ^^^^^^^^
AttributeError: module 'pyglet.clock' has no attribute 'get_fps'
2026-05-14 00:13:35,581 ERROR tvwall.window: Draw failed
Traceback (most recent call last):
  File "C:\Users\marct\Documents\interactive-tv-wall\src\tvwall\app\window.py", line 82, in on_draw
    if state.show_framerate:
                    ^^^^^^^^
AttributeError: module 'pyglet.clock' has no attribute 'get_fps'
2026-05-14 00:13:35,641 ERROR tvwall.window: Draw failed
Traceback (most recent call last):
  File "C:\Users\marct\Documents\interactive-tv-wall\src\tvwall\app\window.py", line 82, in on_draw
    if state.show_framerate:
                    ^^^^^^^^
AttributeError: module 'pyglet.clock' has no attribute 'get_fps'
2026-05-14 00:13:35,701 ERROR tvwall.window: Draw failed
Traceback (most recent call last):
  File "C:\Users\marct\Documents\interactive-tv-wall\src\tvwall\app\window.py", line 82, in on_draw
    if state.show_framerate:
                    ^^^^^^^^
AttributeError: module 'pyglet.clock' has no attribute 'get_fps'
2026-05-14 00:13:35,790 ERROR tvwall.window: Draw failed
Traceback (most recent call last):
  File "C:\Users\marct\Documents\interactive-tv-wall\src\tvwall\app\window.py", line 82, in on_draw
    if state.show_framerate:
                    ^^^^^^^^
AttributeError: module 'pyglet.clock' has no attribute 'get_fps'
2026-05-14 00:13:35,922 ERROR tvwall.window: Draw failed
Traceback (most recent call last):
  File "C:\Users\marct\Documents\interactive-tv-wall\src\tvwall\app\window.py", line 82, in on_draw
    if state.show_framerate:
                    ^^^^^^^^
AttributeError: module 'pyglet.clock' has no attribute 'get_fps'
2026-05-14 00:13:36,045 ERROR tvwall.window: Draw failed
Traceback (most recent call last):
  File "C:\Users\marct\Documents\interactive-tv-wall\src\tvwall\app\window.py", line 82, in on_draw
    if state.show_framerate:
                    ^^^^^^^^
AttributeError: module 'pyglet.clock' has no attribute 'get_fps'
2026-05-14 00:13:36,147 ERROR tvwall.window: Draw failed
Traceback (most recent call last):
  File "C:\Users\marct\Documents\interactive-tv-wall\src\tvwall\app\window.py", line 82, in on_draw
    if state.show_framerate:
                    ^^^^^^^^
AttributeError: module 'pyglet.clock' has no attribute 'get_fps'
2026-05-14 00:13:36,262 ERROR tvwall.window: Draw failed
Traceback (most recent call last):
  File "C:\Users\marct\Documents\interactive-tv-wall\src\tvwall\app\window.py", line 82, in on_draw
    if state.show_framerate:
                    ^^^^^^^^
AttributeError: module 'pyglet.clock' has no attribute 'get_fps'
2026-05-14 00:13:36,376 ERROR tvwall.window: Draw failed
Traceback (most recent call last):
  File "C:\Users\marct\Documents\interactive-tv-wall\src\tvwall\app\window.py", line 82, in on_draw
    if state.show_framerate:
                    ^^^^^^^^
AttributeError: module 'pyglet.clock' has no attribute 'get_fps'
2026-05-14 00:13:36,486 ERROR tvwall.window: Draw failed
Traceback (most recent call last):
  File "C:\Users\marct\Documents\interactive-tv-wall\src\tvwall\app\window.py", line 82, in on_draw
    if state.show_framerate:
                    ^^^^^^^^
AttributeError: module 'pyglet.clock' has no attribute 'get_fps'
2026-05-14 00:13:36,592 ERROR tvwall.window: Draw failed
Traceback (most recent call last):
  File "C:\Users\marct\Documents\interactive-tv-wall\src\tvwall\app\window.py", line 82, in on_draw
    if state.show_framerate:
                    ^^^^^^^^
AttributeError: module 'pyglet.clock' has no attribute 'get_fps'
2026-05-14 00:13:36,686 ERROR tvwall.window: Draw failed
Traceback (most recent call last):
  File "C:\Users\marct\Documents\interactive-tv-wall\src\tvwall\app\window.py", line 82, in on_draw
    if state.show_framerate:
                    ^^^^^^^^
AttributeError: module 'pyglet.clock' has no attribute 'get_fps'
2026-05-14 00:13:36,778 ERROR tvwall.window: Draw failed
Traceback (most recent call last):
  File "C:\Users\marct\Documents\interactive-tv-wall\src\tvwall\app\window.py", line 82, in on_draw
    if state.show_framerate:
                    ^^^^^^^^
AttributeError: module 'pyglet.clock' has no attribute 'get_fps'
2026-05-14 00:13:36,874 ERROR tvwall.window: Draw failed
Traceback (most recent call last):
  File "C:\Users\marct\Documents\interactive-tv-wall\src\tvwall\app\window.py", line 82, in on_draw
    if state.show_framerate:
                    ^^^^^^^^
AttributeError: module 'pyglet.clock' has no attribute 'get_fps'
2026-05-14 00:13:36,971 ERROR tvwall.window: Draw failed
Traceback (most recent call last):
  File "C:\Users\marct\Documents\interactive-tv-wall\src\tvwall\app\window.py", line 82, in on_draw
    if state.show_framerate:
                    ^^^^^^^^
AttributeError: module 'pyglet.clock' has no attribute 'get_fps'
2026-05-14 00:13:37,059 ERROR tvwall.window: Draw failed
Traceback (most recent call last):
  File "C:\Users\marct\Documents\interactive-tv-wall\src\tvwall\app\window.py", line 82, in on_draw
    if state.show_framerate:
                    ^^^^^^^^
AttributeError: module 'pyglet.clock' has no attribute 'get_fps'
2026-05-14 00:13:37,156 ERROR tvwall.window: Draw failed
Traceback (most recent call last):
  File "C:\Users\marct\Documents\interactive-tv-wall\src\tvwall\app\window.py", line 82, in on_draw
    if state.show_framerate:
                    ^^^^^^^^
AttributeError: module 'pyglet.clock' has no attribute 'get_fps'
2026-05-14 00:13:37,240 ERROR tvwall.window: Draw failed
Traceback (most recent call last):
  File "C:\Users\marct\Documents\interactive-tv-wall\src\tvwall\app\window.py", line 82, in on_draw
    if state.show_framerate:
                    ^^^^^^^^
AttributeError: module 'pyglet.clock' has no attribute 'get_fps'
2026-05-14 00:13:37,328 ERROR tvwall.window: Draw failed
Traceback (most recent call last):
  File "C:\Users\marct\Documents\interactive-tv-wall\src\tvwall\app\window.py", line 82, in on_draw
    if state.show_framerate:
                    ^^^^^^^^
AttributeError: module 'pyglet.clock' has no attribute 'get_fps'
2026-05-14 00:13:37,431 ERROR tvwall.window: Draw failed
Traceback (most recent call last):
  File "C:\Users\marct\Documents\interactive-tv-wall\src\tvwall\app\window.py", line 82, in on_draw
    if state.show_framerate:
                    ^^^^^^^^
AttributeError: module 'pyglet.clock' has no attribute 'get_fps'
2026-05-14 00:13:37,540 ERROR tvwall.window: Draw failed
Traceback (most recent call last):
  File "C:\Users\marct\Documents\interactive-tv-wall\src\tvwall\app\window.py", line 82, in on_draw
    if state.show_framerate:
                    ^^^^^^^^
AttributeError: module 'pyglet.clock' has no attribute 'get_fps'
2026-05-14 00:13:37,626 ERROR tvwall.window: Draw failed
Traceback (most recent call last):
  File "C:\Users\marct\Documents\interactive-tv-wall\src\tvwall\app\window.py", line 82, in on_draw
    if state.show_framerate:
                    ^^^^^^^^
AttributeError: module 'pyglet.clock' has no attribute 'get_fps'
2026-05-14 00:13:37,725 ERROR tvwall.window: Draw failed
Traceback (most recent call last):
  File "C:\Users\marct\Documents\interactive-tv-wall\src\tvwall\app\window.py", line 82, in on_draw
    if state.show_framerate:
                    ^^^^^^^^
AttributeError: module 'pyglet.clock' has no attribute 'get_fps'
2026-05-14 00:13:37,829 ERROR tvwall.window: Draw failed
Traceback (most recent call last):
  File "C:\Users\marct\Documents\interactive-tv-wall\src\tvwall\app\window.py", line 82, in on_draw
    if state.show_framerate:
                    ^^^^^^^^
AttributeError: module 'pyglet.clock' has no attribute 'get_fps'
2026-05-14 00:13:37,917 ERROR tvwall.window: Draw failed
Traceback (most recent call last):
  File "C:\Users\marct\Documents\interactive-tv-wall\src\tvwall\app\window.py", line 82, in on_draw
    if state.show_framerate:
                    ^^^^^^^^
AttributeError: module 'pyglet.clock' has no attribute 'get_fps'
2026-05-14 00:13:38,014 ERROR tvwall.window: Draw failed
Traceback (most recent call last):
  File "C:\Users\marct\Documents\interactive-tv-wall\src\tvwall\app\window.py", line 82, in on_draw
    if state.show_framerate:
                    ^^^^^^^^
AttributeError: module 'pyglet.clock' has no attribute 'get_fps'
2026-05-14 00:13:38,125 ERROR tvwall.window: Draw failed
Traceback (most recent call last):
  File "C:\Users\marct\Documents\interactive-tv-wall\src\tvwall\app\window.py", line 82, in on_draw
    if state.show_framerate:
                    ^^^^^^^^
AttributeError: module 'pyglet.clock' has no attribute 'get_fps'
2026-05-14 00:13:38,216 ERROR tvwall.window: Draw failed
Traceback (most recent call last):
  File "C:\Users\marct\Documents\interactive-tv-wall\src\tvwall\app\window.py", line 82, in on_draw
    if state.show_framerate:
                    ^^^^^^^^
AttributeError: module 'pyglet.clock' has no attribute 'get_fps'
2026-05-14 00:13:38,311 ERROR tvwall.window: Draw failed
Traceback (most recent call last):
  File "C:\Users\marct\Documents\interactive-tv-wall\src\tvwall\app\window.py", line 82, in on_draw
    if state.show_framerate:
                    ^^^^^^^^
AttributeError: module 'pyglet.clock' has no attribute 'get_fps'
2026-05-14 00:13:38,427 ERROR tvwall.window: Draw failed
Traceback (most recent call last):
  File "C:\Users\marct\Documents\interactive-tv-wall\src\tvwall\app\window.py", line 82, in on_draw
    if state.show_framerate:
                    ^^^^^^^^
AttributeError: module 'pyglet.clock' has no attribute 'get_fps'
2026-05-14 00:13:38,542 ERROR tvwall.window: Draw failed
Traceback (most recent call last):
  File "C:\Users\marct\Documents\interactive-tv-wall\src\tvwall\app\window.py", line 82, in on_draw
    if state.show_framerate:
                    ^^^^^^^^
AttributeError: module 'pyglet.clock' has no attribute 'get_fps'
2026-05-14 00:13:38,631 ERROR tvwall.window: Draw failed
Traceback (most recent call last):
  File "C:\Users\marct\Documents\interactive-tv-wall\src\tvwall\app\window.py", line 82, in on_draw
    if state.show_framerate:
                    ^^^^^^^^
AttributeError: module 'pyglet.clock' has no attribute 'get_fps'
2026-05-14 00:13:38,732 ERROR tvwall.window: Draw failed
Traceback (most recent call last):
  File "C:\Users\marct\Documents\interactive-tv-wall\src\tvwall\app\window.py", line 82, in on_draw
    if state.show_framerate:
                    ^^^^^^^^
AttributeError: module 'pyglet.clock' has no attribute 'get_fps'
2026-05-14 00:13:38,818 ERROR tvwall.window: Draw failed
Traceback (most recent call last):
  File "C:\Users\marct\Documents\interactive-tv-wall\src\tvwall\app\window.py", line 82, in on_draw
    if state.show_framerate:
                    ^^^^^^^^
AttributeError: module 'pyglet.clock' has no attribute 'get_fps'
2026-05-14 00:13:38,881 ERROR tvwall.window: Draw failed
Traceback (most recent call last):
  File "C:\Users\marct\Documents\interactive-tv-wall\src\tvwall\app\window.py", line 82, in on_draw
    if state.show_framerate:
                    ^^^^^^^^
AttributeError: module 'pyglet.clock' has no attribute 'get_fps'
2026-05-14 00:13:38,946 ERROR tvwall.window: Draw failed
Traceback (most recent call last):
  File "C:\Users\marct\Documents\interactive-tv-wall\src\tvwall\app\window.py", line 82, in on_draw
    if state.show_framerate:
                    ^^^^^^^^
AttributeError: module 'pyglet.clock' has no attribute 'get_fps'
2026-05-14 00:13:39,015 ERROR tvwall.window: Draw failed
Traceback (most recent call last):
  File "C:\Users\marct\Documents\interactive-tv-wall\src\tvwall\app\window.py", line 82, in on_draw
    if state.show_framerate:
                    ^^^^^^^^
AttributeError: module 'pyglet.clock' has no attribute 'get_fps'
2026-05-14 00:13:39,082 ERROR tvwall.window: Draw failed
Traceback (most recent call last):
  File "C:\Users\marct\Documents\interactive-tv-wall\src\tvwall\app\window.py", line 82, in on_draw
    if state.show_framerate:
                    ^^^^^^^^
AttributeError: module 'pyglet.clock' has no attribute 'get_fps'
2026-05-14 00:13:39,157 ERROR tvwall.window: Draw failed
Traceback (most recent call last):
  File "C:\Users\marct\Documents\interactive-tv-wall\src\tvwall\app\window.py", line 82, in on_draw
    if state.show_framerate:
                    ^^^^^^^^
AttributeError: module 'pyglet.clock' has no attribute 'get_fps'
2026-05-14 00:13:39,232 ERROR tvwall.window: Draw failed
Traceback (most recent call last):
  File "C:\Users\marct\Documents\interactive-tv-wall\src\tvwall\app\window.py", line 82, in on_draw
    if state.show_framerate:
                    ^^^^^^^^
AttributeError: module 'pyglet.clock' has no attribute 'get_fps'
2026-05-14 00:13:39,303 ERROR tvwall.window: Draw failed
Traceback (most recent call last):
  File "C:\Users\marct\Documents\interactive-tv-wall\src\tvwall\app\window.py", line 82, in on_draw
    if state.show_framerate:
                    ^^^^^^^^
AttributeError: module 'pyglet.clock' has no attribute 'get_fps'
2026-05-14 00:13:39,378 ERROR tvwall.window: Draw failed
Traceback (most recent call last):
  File "C:\Users\marct\Documents\interactive-tv-wall\src\tvwall\app\window.py", line 82, in on_draw
    if state.show_framerate:
                    ^^^^^^^^
AttributeError: module 'pyglet.clock' has no attribute 'get_fps'
2026-05-14 00:13:39,450 ERROR tvwall.window: Draw failed
Traceback (most recent call last):
  File "C:\Users\marct\Documents\interactive-tv-wall\src\tvwall\app\window.py", line 82, in on_draw
    if state.show_framerate:
                    ^^^^^^^^
AttributeError: module 'pyglet.clock' has no attribute 'get_fps'
2026-05-14 00:13:39,520 ERROR tvwall.window: Draw failed
Traceback (most recent call last):
  File "C:\Users\marct\Documents\interactive-tv-wall\src\tvwall\app\window.py", line 82, in on_draw
    if state.show_framerate:
                    ^^^^^^^^
AttributeError: module 'pyglet.clock' has no attribute 'get_fps'
2026-05-14 00:13:39,593 ERROR tvwall.window: Draw failed
Traceback (most recent call last):
  File "C:\Users\marct\Documents\interactive-tv-wall\src\tvwall\app\window.py", line 82, in on_draw
    if state.show_framerate:
                    ^^^^^^^^
AttributeError: module 'pyglet.clock' has no attribute 'get_fps'
2026-05-14 00:13:39,672 ERROR tvwall.window: Draw failed
Traceback (most recent call last):
  File "C:\Users\marct\Documents\interactive-tv-wall\src\tvwall\app\window.py", line 82, in on_draw
    if state.show_framerate:
                    ^^^^^^^^
AttributeError: module 'pyglet.clock' has no attribute 'get_fps'
2026-05-14 00:13:39,773 ERROR tvwall.window: Draw failed
Traceback (most recent call last):
  File "C:\Users\marct\Documents\interactive-tv-wall\src\tvwall\app\window.py", line 82, in on_draw
    if state.show_framerate:
                    ^^^^^^^^
AttributeError: module 'pyglet.clock' has no attribute 'get_fps'
2026-05-14 00:13:39,862 ERROR tvwall.window: Draw failed
Traceback (most recent call last):
  File "C:\Users\marct\Documents\interactive-tv-wall\src\tvwall\app\window.py", line 82, in on_draw
    if state.show_framerate:
                    ^^^^^^^^
AttributeError: module 'pyglet.clock' has no attribute 'get_fps'
2026-05-14 00:13:39,938 ERROR tvwall.window: Draw failed
Traceback (most recent call last):
  File "C:\Users\marct\Documents\interactive-tv-wall\src\tvwall\app\window.py", line 82, in on_draw
    if state.show_framerate:
                    ^^^^^^^^
AttributeError: module 'pyglet.clock' has no attribute 'get_fps'
2026-05-14 00:13:40,013 ERROR tvwall.window: Draw failed
Traceback (most recent call last):
  File "C:\Users\marct\Documents\interactive-tv-wall\src\tvwall\app\window.py", line 82, in on_draw
    if state.show_framerate:
                    ^^^^^^^^
AttributeError: module 'pyglet.clock' has no attribute 'get_fps'
2026-05-14 00:13:40,080 ERROR tvwall.window: Draw failed
Traceback (most recent call last):
  File "C:\Users\marct\Documents\interactive-tv-wall\src\tvwall\app\window.py", line 82, in on_draw
    if state.show_framerate:
                    ^^^^^^^^
AttributeError: module 'pyglet.clock' has no attribute 'get_fps'
2026-05-14 00:13:40,151 ERROR tvwall.window: Draw failed
Traceback (most recent call last):
  File "C:\Users\marct\Documents\interactive-tv-wall\src\tvwall\app\window.py", line 82, in on_draw
    if state.show_framerate:
                    ^^^^^^^^
AttributeError: module 'pyglet.clock' has no attribute 'get_fps'
2026-05-14 00:13:40,235 ERROR tvwall.window: Draw failed
Traceback (most recent call last):
  File "C:\Users\marct\Documents\interactive-tv-wall\src\tvwall\app\window.py", line 82, in on_draw
    if state.show_framerate:
                    ^^^^^^^^
AttributeError: module 'pyglet.clock' has no attribute 'get_fps'
2026-05-14 00:13:40,327 ERROR tvwall.window: Draw failed
Traceback (most recent call last):
  File "C:\Users\marct\Documents\interactive-tv-wall\src\tvwall\app\window.py", line 82, in on_draw
    if state.show_framerate:
                    ^^^^^^^^
AttributeError: module 'pyglet.clock' has no attribute 'get_fps'
2026-05-14 00:13:40,403 ERROR tvwall.window: Draw failed
Traceback (most recent call last):
  File "C:\Users\marct\Documents\interactive-tv-wall\src\tvwall\app\window.py", line 82, in on_draw
    if state.show_framerate:
                    ^^^^^^^^
AttributeError: module 'pyglet.clock' has no attribute 'get_fps'
2026-05-14 00:13:40,490 ERROR tvwall.window: Draw failed
Traceback (most recent call last):
  File "C:\Users\marct\Documents\interactive-tv-wall\src\tvwall\app\window.py", line 82, in on_draw
    if state.show_framerate:
                    ^^^^^^^^
AttributeError: module 'pyglet.clock' has no attribute 'get_fps'
2026-05-14 00:13:40,577 ERROR tvwall.window: Draw failed
Traceback (most recent call last):
  File "C:\Users\marct\Documents\interactive-tv-wall\src\tvwall\app\window.py", line 82, in on_draw
    if state.show_framerate:
                    ^^^^^^^^
AttributeError: module 'pyglet.clock' has no attribute 'get_fps'
2026-05-14 00:13:40,660 ERROR tvwall.window: Draw failed
Traceback (most recent call last):
  File "C:\Users\marct\Documents\interactive-tv-wall\src\tvwall\app\window.py", line 82, in on_draw
    if state.show_framerate:
                    ^^^^^^^^
AttributeError: module 'pyglet.clock' has no attribute 'get_fps'
2026-05-14 00:13:40,746 ERROR tvwall.window: Draw failed
Traceback (most recent call last):
  File "C:\Users\marct\Documents\interactive-tv-wall\src\tvwall\app\window.py", line 82, in on_draw
    if state.show_framerate:
                    ^^^^^^^^
AttributeError: module 'pyglet.clock' has no attribute 'get_fps'
2026-05-14 00:13:40,821 ERROR tvwall.window: Draw failed
Traceback (most recent call last):
  File "C:\Users\marct\Documents\interactive-tv-wall\src\tvwall\app\window.py", line 82, in on_draw
    if state.show_framerate:
                    ^^^^^^^^
AttributeError: module 'pyglet.clock' has no attribute 'get_fps'
2026-05-14 00:13:40,905 ERROR tvwall.window: Draw failed
Traceback (most recent call last):
  File "C:\Users\marct\Documents\interactive-tv-wall\src\tvwall\app\window.py", line 82, in on_draw
    if state.show_framerate:
                    ^^^^^^^^
AttributeError: module 'pyglet.clock' has no attribute 'get_fps'
2026-05-14 00:13:40,984 ERROR tvwall.window: Draw failed
Traceback (most recent call last):
  File "C:\Users\marct\Documents\interactive-tv-wall\src\tvwall\app\window.py", line 82, in on_draw
    if state.show_framerate:
                    ^^^^^^^^
AttributeError: module 'pyglet.clock' has no attribute 'get_fps'
2026-05-14 00:13:41,065 ERROR tvwall.window: Draw failed
Traceback (most recent call last):
  File "C:\Users\marct\Documents\interactive-tv-wall\src\tvwall\app\window.py", line 82, in on_draw
    if state.show_framerate:
                    ^^^^^^^^
AttributeError: module 'pyglet.clock' has no attribute 'get_fps'
2026-05-14 00:13:41,142 ERROR tvwall.window: Draw failed
Traceback (most recent call last):
  File "C:\Users\marct\Documents\interactive-tv-wall\src\tvwall\app\window.py", line 82, in on_draw
    if state.show_framerate:
                    ^^^^^^^^
AttributeError: module 'pyglet.clock' has no attribute 'get_fps'
2026-05-14 00:13:41,226 ERROR tvwall.window: Draw failed
Traceback (most recent call last):
  File "C:\Users\marct\Documents\interactive-tv-wall\src\tvwall\app\window.py", line 82, in on_draw
    if state.show_framerate:
                    ^^^^^^^^
AttributeError: module 'pyglet.clock' has no attribute 'get_fps'
2026-05-14 00:13:41,295 ERROR tvwall.window: Draw failed
Traceback (most recent call last):
  File "C:\Users\marct\Documents\interactive-tv-wall\src\tvwall\app\window.py", line 82, in on_draw
    if state.show_framerate:
                    ^^^^^^^^
AttributeError: module 'pyglet.clock' has no attribute 'get_fps'
2026-05-14 00:13:41,358 ERROR tvwall.window: Draw failed
Traceback (most recent call last):
  File "C:\Users\marct\Documents\interactive-tv-wall\src\tvwall\app\window.py", line 82, in on_draw
    if state.show_framerate:
                    ^^^^^^^^
AttributeError: module 'pyglet.clock' has no attribute 'get_fps'
2026-05-14 00:13:41,422 ERROR tvwall.window: Draw failed
Traceback (most recent call last):
  File "C:\Users\marct\Documents\interactive-tv-wall\src\tvwall\app\window.py", line 82, in on_draw
    if state.show_framerate:
                    ^^^^^^^^
AttributeError: module 'pyglet.clock' has no attribute 'get_fps'
2026-05-14 00:13:41,487 ERROR tvwall.window: Draw failed
Traceback (most recent call last):
  File "C:\Users\marct\Documents\interactive-tv-wall\src\tvwall\app\window.py", line 82, in on_draw
    if state.show_framerate:
                    ^^^^^^^^
AttributeError: module 'pyglet.clock' has no attribute 'get_fps'
2026-05-14 00:13:41,546 ERROR tvwall.window: Draw failed
Traceback (most recent call last):
  File "C:\Users\marct\Documents\interactive-tv-wall\src\tvwall\app\window.py", line 82, in on_draw
    if state.show_framerate:
                    ^^^^^^^^
AttributeError: module 'pyglet.clock' has no attribute 'get_fps'
2026-05-14 00:13:41,609 ERROR tvwall.window: Draw failed
Traceback (most recent call last):
  File "C:\Users\marct\Documents\interactive-tv-wall\src\tvwall\app\window.py", line 82, in on_draw
    if state.show_framerate:
                    ^^^^^^^^
AttributeError: module 'pyglet.clock' has no attribute 'get_fps'
2026-05-14 00:13:41,672 ERROR tvwall.window: Draw failed
Traceback (most recent call last):
  File "C:\Users\marct\Documents\interactive-tv-wall\src\tvwall\app\window.py", line 82, in on_draw
    if state.show_framerate:
                    ^^^^^^^^
AttributeError: module 'pyglet.clock' has no attribute 'get_fps'
2026-05-14 00:13:41,739 ERROR tvwall.window: Draw failed
Traceback (most recent call last):
  File "C:\Users\marct\Documents\interactive-tv-wall\src\tvwall\app\window.py", line 82, in on_draw
    if state.show_framerate:
                    ^^^^^^^^
AttributeError: module 'pyglet.clock' has no attribute 'get_fps'
2026-05-14 00:13:41,807 ERROR tvwall.window: Draw failed
Traceback (most recent call last):
  File "C:\Users\marct\Documents\interactive-tv-wall\src\tvwall\app\window.py", line 82, in on_draw
    if state.show_framerate:
                    ^^^^^^^^
AttributeError: module 'pyglet.clock' has no attribute 'get_fps'
2026-05-14 00:13:41,891 ERROR tvwall.window: Draw failed
Traceback (most recent call last):
  File "C:\Users\marct\Documents\interactive-tv-wall\src\tvwall\app\window.py", line 82, in on_draw
    if state.show_framerate:
                    ^^^^^^^^
AttributeError: module 'pyglet.clock' has no attribute 'get_fps'
2026-05-14 00:13:42,011 ERROR tvwall.window: Draw failed
Traceback (most recent call last):
  File "C:\Users\marct\Documents\interactive-tv-wall\src\tvwall\app\window.py", line 82, in on_draw
    if state.show_framerate:
                    ^^^^^^^^
AttributeError: module 'pyglet.clock' has no attribute 'get_fps'
2026-05-14 00:13:42,119 ERROR tvwall.window: Draw failed
Traceback (most recent call last):
  File "C:\Users\marct\Documents\interactive-tv-wall\src\tvwall\app\window.py", line 82, in on_draw
    if state.show_framerate:
                    ^^^^^^^^
AttributeError: module 'pyglet.clock' has no attribute 'get_fps'
2026-05-14 00:13:42,221 ERROR tvwall.window: Draw failed
Traceback (most recent call last):
  File "C:\Users\marct\Documents\interactive-tv-wall\src\tvwall\app\window.py", line 82, in on_draw
    if state.show_framerate:
                    ^^^^^^^^
AttributeError: module 'pyglet.clock' has no attribute 'get_fps'
2026-05-14 00:13:42,317 ERROR tvwall.window: Draw failed
Traceback (most recent call last):
  File "C:\Users\marct\Documents\interactive-tv-wall\src\tvwall\app\window.py", line 82, in on_draw
    if state.show_framerate:
                    ^^^^^^^^
AttributeError: module 'pyglet.clock' has no attribute 'get_fps'
2026-05-14 00:13:42,407 ERROR tvwall.window: Draw failed
Traceback (most recent call last):
  File "C:\Users\marct\Documents\interactive-tv-wall\src\tvwall\app\window.py", line 82, in on_draw
    if state.show_framerate:
                    ^^^^^^^^
AttributeError: module 'pyglet.clock' has no attribute 'get_fps'
2026-05-14 00:13:42,502 ERROR tvwall.window: Draw failed
Traceback (most recent call last):
  File "C:\Users\marct\Documents\interactive-tv-wall\src\tvwall\app\window.py", line 82, in on_draw
    if state.show_framerate:
                    ^^^^^^^^
AttributeError: module 'pyglet.clock' has no attribute 'get_fps'
2026-05-14 00:13:42,600 ERROR tvwall.window: Draw failed
Traceback (most recent call last):
  File "C:\Users\marct\Documents\interactive-tv-wall\src\tvwall\app\window.py", line 82, in on_draw
    if state.show_framerate:
                    ^^^^^^^^
AttributeError: module 'pyglet.clock' has no attribute 'get_fps'
2026-05-14 00:13:42,685 ERROR tvwall.window: Draw failed
Traceback (most recent call last):
  File "C:\Users\marct\Documents\interactive-tv-wall\src\tvwall\app\window.py", line 82, in on_draw
    if state.show_framerate:
                    ^^^^^^^^
AttributeError: module 'pyglet.clock' has no attribute 'get_fps'
2026-05-14 00:13:42,768 ERROR tvwall.window: Draw failed
Traceback (most recent call last):
  File "C:\Users\marct\Documents\interactive-tv-wall\src\tvwall\app\window.py", line 82, in on_draw
    if state.show_framerate:
                    ^^^^^^^^
AttributeError: module 'pyglet.clock' has no attribute 'get_fps'
2026-05-14 00:13:42,856 ERROR tvwall.window: Draw failed
Traceback (most recent call last):
  File "C:\Users\marct\Documents\interactive-tv-wall\src\tvwall\app\window.py", line 82, in on_draw
    if state.show_framerate:
                    ^^^^^^^^
AttributeError: module 'pyglet.clock' has no attribute 'get_fps'
2026-05-14 00:13:42,946 ERROR tvwall.window: Draw failed
Traceback (most recent call last):
  File "C:\Users\marct\Documents\interactive-tv-wall\src\tvwall\app\window.py", line 82, in on_draw
    if state.show_framerate:
                    ^^^^^^^^
AttributeError: module 'pyglet.clock' has no attribute 'get_fps'
2026-05-14 00:13:43,035 ERROR tvwall.window: Draw failed
Traceback (most recent call last):
  File "C:\Users\marct\Documents\interactive-tv-wall\src\tvwall\app\window.py", line 82, in on_draw
    if state.show_framerate:
                    ^^^^^^^^
AttributeError: module 'pyglet.clock' has no attribute 'get_fps'
2026-05-14 00:13:43,119 ERROR tvwall.window: Draw failed
Traceback (most recent call last):
  File "C:\Users\marct\Documents\interactive-tv-wall\src\tvwall\app\window.py", line 82, in on_draw
    if state.show_framerate:
                    ^^^^^^^^
AttributeError: module 'pyglet.clock' has no attribute 'get_fps'
2026-05-14 00:13:43,193 ERROR tvwall.window: Draw failed
Traceback (most recent call last):
  File "C:\Users\marct\Documents\interactive-tv-wall\src\tvwall\app\window.py", line 82, in on_draw
    if state.show_framerate:
                    ^^^^^^^^
AttributeError: module 'pyglet.clock' has no attribute 'get_fps'
2026-05-14 00:13:43,277 ERROR tvwall.window: Draw failed
Traceback (most recent call last):
  File "C:\Users\marct\Documents\interactive-tv-wall\src\tvwall\app\window.py", line 82, in on_draw
    if state.show_framerate:
                    ^^^^^^^^
AttributeError: module 'pyglet.clock' has no attribute 'get_fps'
2026-05-14 00:13:43,351 ERROR tvwall.window: Draw failed
Traceback (most recent call last):
  File "C:\Users\marct\Documents\interactive-tv-wall\src\tvwall\app\window.py", line 82, in on_draw
    if state.show_framerate:
                    ^^^^^^^^
AttributeError: module 'pyglet.clock' has no attribute 'get_fps'
2026-05-14 00:13:43,457 ERROR tvwall.window: Draw failed
Traceback (most recent call last):
  File "C:\Users\marct\Documents\interactive-tv-wall\src\tvwall\app\window.py", line 82, in on_draw
    if state.show_framerate:
                    ^^^^^^^^
AttributeError: module 'pyglet.clock' has no attribute 'get_fps'
2026-05-14 00:13:43,573 ERROR tvwall.window: Draw failed
Traceback (most recent call last):
  File "C:\Users\marct\Documents\interactive-tv-wall\src\tvwall\app\window.py", line 82, in on_draw
    if state.show_framerate:
                    ^^^^^^^^
AttributeError: module 'pyglet.clock' has no attribute 'get_fps'
2026-05-14 00:13:43,658 ERROR tvwall.window: Draw failed
Traceback (most recent call last):
  File "C:\Users\marct\Documents\interactive-tv-wall\src\tvwall\app\window.py", line 82, in on_draw
    if state.show_framerate:
                    ^^^^^^^^
AttributeError: module 'pyglet.clock' has no attribute 'get_fps'
2026-05-14 00:13:43,744 ERROR tvwall.window: Draw failed
Traceback (most recent call last):
  File "C:\Users\marct\Documents\interactive-tv-wall\src\tvwall\app\window.py", line 82, in on_draw
    if state.show_framerate:
                    ^^^^^^^^
AttributeError: module 'pyglet.clock' has no attribute 'get_fps'
2026-05-14 00:13:43,828 ERROR tvwall.window: Draw failed
Traceback (most recent call last):
  File "C:\Users\marct\Documents\interactive-tv-wall\src\tvwall\app\window.py", line 82, in on_draw
    if state.show_framerate:
                    ^^^^^^^^
AttributeError: module 'pyglet.clock' has no attribute 'get_fps'
2026-05-14 00:13:43,907 ERROR tvwall.window: Draw failed
Traceback (most recent call last):
  File "C:\Users\marct\Documents\interactive-tv-wall\src\tvwall\app\window.py", line 82, in on_draw
    if state.show_framerate:
                    ^^^^^^^^
AttributeError: module 'pyglet.clock' has no attribute 'get_fps'
2026-05-14 00:13:44,000 ERROR tvwall.window: Draw failed
Traceback (most recent call last):
  File "C:\Users\marct\Documents\interactive-tv-wall\src\tvwall\app\window.py", line 82, in on_draw
    if state.show_framerate:
                    ^^^^^^^^
AttributeError: module 'pyglet.clock' has no attribute 'get_fps'
2026-05-14 00:13:44,080 ERROR tvwall.window: Draw failed
Traceback (most recent call last):
  File "C:\Users\marct\Documents\interactive-tv-wall\src\tvwall\app\window.py", line 82, in on_draw
    if state.show_framerate:
                    ^^^^^^^^
AttributeError: module 'pyglet.clock' has no attribute 'get_fps'
2026-05-14 00:13:44,167 ERROR tvwall.window: Draw failed
Traceback (most recent call last):
  File "C:\Users\marct\Documents\interactive-tv-wall\src\tvwall\app\window.py", line 82, in on_draw
    if state.show_framerate:
                    ^^^^^^^^
AttributeError: module 'pyglet.clock' has no attribute 'get_fps'
2026-05-14 00:13:44,262 ERROR tvwall.window: Draw failed
Traceback (most recent call last):
  File "C:\Users\marct\Documents\interactive-tv-wall\src\tvwall\app\window.py", line 82, in on_draw
    if state.show_framerate:
                    ^^^^^^^^
AttributeError: module 'pyglet.clock' has no attribute 'get_fps'
2026-05-14 00:13:44,352 ERROR tvwall.window: Draw failed
Traceback (most recent call last):
  File "C:\Users\marct\Documents\interactive-tv-wall\src\tvwall\app\window.py", line 82, in on_draw
    if state.show_framerate:
                    ^^^^^^^^
AttributeError: module 'pyglet.clock' has no attribute 'get_fps'
2026-05-14 00:13:44,435 ERROR tvwall.window: Draw failed
Traceback (most recent call last):
  File "C:\Users\marct\Documents\interactive-tv-wall\src\tvwall\app\window.py", line 82, in on_draw
    if state.show_framerate:
                    ^^^^^^^^
AttributeError: module 'pyglet.clock' has no attribute 'get_fps'
2026-05-14 00:13:44,519 ERROR tvwall.window: Draw failed
Traceback (most recent call last):
  File "C:\Users\marct\Documents\interactive-tv-wall\src\tvwall\app\window.py", line 82, in on_draw
    if state.show_framerate:
                    ^^^^^^^^
AttributeError: module 'pyglet.clock' has no attribute 'get_fps'
2026-05-14 00:13:44,613 ERROR tvwall.window: Draw failed
Traceback (most recent call last):
  File "C:\Users\marct\Documents\interactive-tv-wall\src\tvwall\app\window.py", line 82, in on_draw
    if state.show_framerate:
                    ^^^^^^^^
AttributeError: module 'pyglet.clock' has no attribute 'get_fps'
2026-05-14 00:13:44,693 ERROR tvwall.window: Draw failed
Traceback (most recent call last):
  File "C:\Users\marct\Documents\interactive-tv-wall\src\tvwall\app\window.py", line 82, in on_draw
    if state.show_framerate:
                    ^^^^^^^^
AttributeError: module 'pyglet.clock' has no attribute 'get_fps'
2026-05-14 00:13:44,788 ERROR tvwall.window: Draw failed
Traceback (most recent call last):
  File "C:\Users\marct\Documents\interactive-tv-wall\src\tvwall\app\window.py", line 82, in on_draw
    if state.show_framerate:
                    ^^^^^^^^
AttributeError: module 'pyglet.clock' has no attribute 'get_fps'
2026-05-14 00:13:44,863 ERROR tvwall.window: Draw failed
Traceback (most recent call last):
  File "C:\Users\marct\Documents\interactive-tv-wall\src\tvwall\app\window.py", line 82, in on_draw
    if state.show_framerate:
                    ^^^^^^^^
AttributeError: module 'pyglet.clock' has no attribute 'get_fps'
2026-05-14 00:13:44,944 ERROR tvwall.window: Draw failed
Traceback (most recent call last):
  File "C:\Users\marct\Documents\interactive-tv-wall\src\tvwall\app\window.py", line 82, in on_draw
    if state.show_framerate:
                    ^^^^^^^^
AttributeError: module 'pyglet.clock' has no attribute 'get_fps'
2026-05-14 00:13:45,027 ERROR tvwall.window: Draw failed
Traceback (most recent call last):
  File "C:\Users\marct\Documents\interactive-tv-wall\src\tvwall\app\window.py", line 82, in on_draw
    if state.show_framerate:
                    ^^^^^^^^
AttributeError: module 'pyglet.clock' has no attribute 'get_fps'
2026-05-14 00:13:45,110 ERROR tvwall.window: Draw failed
Traceback (most recent call last):
  File "C:\Users\marct\Documents\interactive-tv-wall\src\tvwall\app\window.py", line 82, in on_draw
    if state.show_framerate:
                    ^^^^^^^^
AttributeError: module 'pyglet.clock' has no attribute 'get_fps'
2026-05-14 00:13:45,200 ERROR tvwall.window: Draw failed
Traceback (most recent call last):
  File "C:\Users\marct\Documents\interactive-tv-wall\src\tvwall\app\window.py", line 82, in on_draw
    if state.show_framerate:
                    ^^^^^^^^
AttributeError: module 'pyglet.clock' has no attribute 'get_fps'
2026-05-14 00:13:45,292 ERROR tvwall.window: Draw failed
Traceback (most recent call last):
  File "C:\Users\marct\Documents\interactive-tv-wall\src\tvwall\app\window.py", line 82, in on_draw
    if state.show_framerate:
                    ^^^^^^^^
AttributeError: module 'pyglet.clock' has no attribute 'get_fps'
2026-05-14 00:13:45,411 ERROR tvwall.window: Draw failed
Traceback (most recent call last):
  File "C:\Users\marct\Documents\interactive-tv-wall\src\tvwall\app\window.py", line 82, in on_draw
    if state.show_framerate:
                    ^^^^^^^^
AttributeError: module 'pyglet.clock' has no attribute 'get_fps'
2026-05-14 00:13:45,495 ERROR tvwall.window: Draw failed
Traceback (most recent call last):
  File "C:\Users\marct\Documents\interactive-tv-wall\src\tvwall\app\window.py", line 82, in on_draw
    if state.show_framerate:
                    ^^^^^^^^
AttributeError: module 'pyglet.clock' has no attribute 'get_fps'
2026-05-14 00:13:45,583 ERROR tvwall.window: Draw failed
Traceback (most recent call last):
  File "C:\Users\marct\Documents\interactive-tv-wall\src\tvwall\app\window.py", line 82, in on_draw
    if state.show_framerate:
                    ^^^^^^^^
AttributeError: module 'pyglet.clock' has no attribute 'get_fps'
2026-05-14 00:13:45,670 ERROR tvwall.window: Draw failed
Traceback (most recent call last):
  File "C:\Users\marct\Documents\interactive-tv-wall\src\tvwall\app\window.py", line 82, in on_draw
    if state.show_framerate:
                    ^^^^^^^^
AttributeError: module 'pyglet.clock' has no attribute 'get_fps'
2026-05-14 00:13:45,757 ERROR tvwall.window: Draw failed
Traceback (most recent call last):
  File "C:\Users\marct\Documents\interactive-tv-wall\src\tvwall\app\window.py", line 82, in on_draw
    if state.show_framerate:
                    ^^^^^^^^
AttributeError: module 'pyglet.clock' has no attribute 'get_fps'
2026-05-14 00:13:45,849 ERROR tvwall.window: Draw failed
Traceback (most recent call last):
  File "C:\Users\marct\Documents\interactive-tv-wall\src\tvwall\app\window.py", line 82, in on_draw
    if state.show_framerate:
                    ^^^^^^^^
AttributeError: module 'pyglet.clock' has no attribute 'get_fps'
2026-05-14 00:13:45,927 ERROR tvwall.window: Draw failed
Traceback (most recent call last):
  File "C:\Users\marct\Documents\interactive-tv-wall\src\tvwall\app\window.py", line 82, in on_draw
    if state.show_framerate:
                    ^^^^^^^^
AttributeError: module 'pyglet.clock' has no attribute 'get_fps'
2026-05-14 00:13:46,032 ERROR tvwall.window: Draw failed
Traceback (most recent call last):
  File "C:\Users\marct\Documents\interactive-tv-wall\src\tvwall\app\window.py", line 82, in on_draw
    if state.show_framerate:
                    ^^^^^^^^
AttributeError: module 'pyglet.clock' has no attribute 'get_fps'
2026-05-14 00:13:46,137 ERROR tvwall.window: Draw failed
Traceback (most recent call last):
  File "C:\Users\marct\Documents\interactive-tv-wall\src\tvwall\app\window.py", line 82, in on_draw
    if state.show_framerate:
                    ^^^^^^^^
AttributeError: module 'pyglet.clock' has no attribute 'get_fps'
2026-05-14 00:13:46,218 ERROR tvwall.window: Draw failed
Traceback (most recent call last):
  File "C:\Users\marct\Documents\interactive-tv-wall\src\tvwall\app\window.py", line 82, in on_draw
    if state.show_framerate:
                    ^^^^^^^^
AttributeError: module 'pyglet.clock' has no attribute 'get_fps'
2026-05-14 00:13:46,293 ERROR tvwall.window: Draw failed
Traceback (most recent call last):
  File "C:\Users\marct\Documents\interactive-tv-wall\src\tvwall\app\window.py", line 82, in on_draw
    if state.show_framerate:
                    ^^^^^^^^
AttributeError: module 'pyglet.clock' has no attribute 'get_fps'
2026-05-14 00:13:46,356 ERROR tvwall.window: Draw failed
Traceback (most recent call last):
  File "C:\Users\marct\Documents\interactive-tv-wall\src\tvwall\app\window.py", line 82, in on_draw
    if state.show_framerate:
                    ^^^^^^^^
AttributeError: module 'pyglet.clock' has no attribute 'get_fps'
2026-05-14 00:13:46,423 ERROR tvwall.window: Draw failed
Traceback (most recent call last):
  File "C:\Users\marct\Documents\interactive-tv-wall\src\tvwall\app\window.py", line 82, in on_draw
    if state.show_framerate:
                    ^^^^^^^^
AttributeError: module 'pyglet.clock' has no attribute 'get_fps'
2026-05-14 00:13:46,488 ERROR tvwall.window: Draw failed
Traceback (most recent call last):
  File "C:\Users\marct\Documents\interactive-tv-wall\src\tvwall\app\window.py", line 82, in on_draw
    if state.show_framerate:
                    ^^^^^^^^
AttributeError: module 'pyglet.clock' has no attribute 'get_fps'
2026-05-14 00:13:46,590 ERROR tvwall.window: Draw failed
Traceback (most recent call last):
  File "C:\Users\marct\Documents\interactive-tv-wall\src\tvwall\app\window.py", line 82, in on_draw
    if state.show_framerate:
                    ^^^^^^^^
AttributeError: module 'pyglet.clock' has no attribute 'get_fps'
2026-05-14 00:13:46,717 ERROR tvwall.window: Draw failed
Traceback (most recent call last):
  File "C:\Users\marct\Documents\interactive-tv-wall\src\tvwall\app\window.py", line 82, in on_draw
    if state.show_framerate:
                    ^^^^^^^^
AttributeError: module 'pyglet.clock' has no attribute 'get_fps'
2026-05-14 00:13:46,833 ERROR tvwall.window: Draw failed
Traceback (most recent call last):
  File "C:\Users\marct\Documents\interactive-tv-wall\src\tvwall\app\window.py", line 82, in on_draw
    if state.show_framerate:
                    ^^^^^^^^
AttributeError: module 'pyglet.clock' has no attribute 'get_fps'
2026-05-14 00:13:46,940 ERROR tvwall.window: Draw failed
Traceback (most recent call last):
  File "C:\Users\marct\Documents\interactive-tv-wall\src\tvwall\app\window.py", line 82, in on_draw
    if state.show_framerate:
                    ^^^^^^^^
AttributeError: module 'pyglet.clock' has no attribute 'get_fps'
2026-05-14 00:13:47,042 ERROR tvwall.window: Draw failed
Traceback (most recent call last):
  File "C:\Users\marct\Documents\interactive-tv-wall\src\tvwall\app\window.py", line 82, in on_draw
    if state.show_framerate:
                    ^^^^^^^^
AttributeError: module 'pyglet.clock' has no attribute 'get_fps'
2026-05-14 00:13:47,148 ERROR tvwall.window: Draw failed
Traceback (most recent call last):
  File "C:\Users\marct\Documents\interactive-tv-wall\src\tvwall\app\window.py", line 82, in on_draw
    if state.show_framerate:
                    ^^^^^^^^
AttributeError: module 'pyglet.clock' has no attribute 'get_fps'
2026-05-14 00:13:47,241 ERROR tvwall.window: Draw failed
Traceback (most recent call last):
  File "C:\Users\marct\Documents\interactive-tv-wall\src\tvwall\app\window.py", line 82, in on_draw
    if state.show_framerate:
                    ^^^^^^^^
AttributeError: module 'pyglet.clock' has no attribute 'get_fps'
2026-05-14 00:13:47,321 ERROR tvwall.window: Draw failed
Traceback (most recent call last):
  File "C:\Users\marct\Documents\interactive-tv-wall\src\tvwall\app\window.py", line 82, in on_draw
    if state.show_framerate:
                    ^^^^^^^^
AttributeError: module 'pyglet.clock' has no attribute 'get_fps'
2026-05-14 00:13:47,396 ERROR tvwall.window: Draw failed
Traceback (most recent call last):
  File "C:\Users\marct\Documents\interactive-tv-wall\src\tvwall\app\window.py", line 82, in on_draw
    if state.show_framerate:
                    ^^^^^^^^
AttributeError: module 'pyglet.clock' has no attribute 'get_fps'
2026-05-14 00:13:47,467 ERROR tvwall.window: Draw failed
Traceback (most recent call last):
  File "C:\Users\marct\Documents\interactive-tv-wall\src\tvwall\app\window.py", line 82, in on_draw
    if state.show_framerate:
                    ^^^^^^^^
AttributeError: module 'pyglet.clock' has no attribute 'get_fps'
2026-05-14 00:13:47,545 ERROR tvwall.window: Draw failed
Traceback (most recent call last):
  File "C:\Users\marct\Documents\interactive-tv-wall\src\tvwall\app\window.py", line 82, in on_draw
    if state.show_framerate:
                    ^^^^^^^^
AttributeError: module 'pyglet.clock' has no attribute 'get_fps'
2026-05-14 00:13:47,638 ERROR tvwall.window: Draw failed
Traceback (most recent call last):
  File "C:\Users\marct\Documents\interactive-tv-wall\src\tvwall\app\window.py", line 62, in on_draw
    self.output_renderer.ensure_source(state, self.source_service)
    ^^^^^^^^^^^^^^^^^^^^^^^^^^^^^^^^^^^^^^^^^^^^^^^^^^^^^^
  File "C:\Users\marct\Documents\interactive-tv-wall\src\tvwall\rendering\output_renderer.py", line 75, in render
    program["u_tv_count"] = safe_count
    ~~~~~~~^^^^^^^^^^^^^^
  File "C:\Users\marct\Documents\interactive-tv-wall\.venv\Lib\site-packages\moderngl\__init__.py", line 415, in __setitem__
    self._members[key].value = value
    ~~~~~~~~~~~~~^^^^^
KeyError: 'u_tv_count'
2026-05-14 00:13:47,719 ERROR tvwall.window: Draw failed
Traceback (most recent call last):
  File "C:\Users\marct\Documents\interactive-tv-wall\src\tvwall\app\window.py", line 62, in on_draw
    self.output_renderer.ensure_source(state, self.source_service)
    ^^^^^^^^^^^^^^^^^^^^^^^^^^^^^^^^^^^^^^^^^^^^^^^^^^^^^^
  File "C:\Users\marct\Documents\interactive-tv-wall\src\tvwall\rendering\output_renderer.py", line 75, in render
    program["u_tv_count"] = safe_count
    ~~~~~~~^^^^^^^^^^^^^^
  File "C:\Users\marct\Documents\interactive-tv-wall\.venv\Lib\site-packages\moderngl\__init__.py", line 415, in __setitem__
    self._members[key].value = value
    ~~~~~~~~~~~~~^^^^^
KeyError: 'u_tv_count'
2026-05-14 00:13:47,783 ERROR tvwall.window: Draw failed
Traceback (most recent call last):
  File "C:\Users\marct\Documents\interactive-tv-wall\src\tvwall\app\window.py", line 62, in on_draw
    self.output_renderer.ensure_source(state, self.source_service)
    ^^^^^^^^^^^^^^^^^^^^^^^^^^^^^^^^^^^^^^^^^^^^^^^^^^^^^^
  File "C:\Users\marct\Documents\interactive-tv-wall\src\tvwall\rendering\output_renderer.py", line 75, in render
    program["u_tv_count"] = safe_count
    ~~~~~~~^^^^^^^^^^^^^^
  File "C:\Users\marct\Documents\interactive-tv-wall\.venv\Lib\site-packages\moderngl\__init__.py", line 415, in __setitem__
    self._members[key].value = value
    ~~~~~~~~~~~~~^^^^^
KeyError: 'u_tv_count'
2026-05-14 00:13:47,840 ERROR tvwall.window: Draw failed
Traceback (most recent call last):
  File "C:\Users\marct\Documents\interactive-tv-wall\src\tvwall\app\window.py", line 62, in on_draw
    self.output_renderer.ensure_source(state, self.source_service)
    ^^^^^^^^^^^^^^^^^^^^^^^^^^^^^^^^^^^^^^^^^^^^^^^^^^^^^^
  File "C:\Users\marct\Documents\interactive-tv-wall\src\tvwall\rendering\output_renderer.py", line 75, in render
    program["u_tv_count"] = safe_count
    ~~~~~~~^^^^^^^^^^^^^^
  File "C:\Users\marct\Documents\interactive-tv-wall\.venv\Lib\site-packages\moderngl\__init__.py", line 415, in __setitem__
    self._members[key].value = value
    ~~~~~~~~~~~~~^^^^^
KeyError: 'u_tv_count'
2026-05-14 00:13:47,897 ERROR tvwall.window: Draw failed
Traceback (most recent call last):
  File "C:\Users\marct\Documents\interactive-tv-wall\src\tvwall\app\window.py", line 62, in on_draw
    self.output_renderer.ensure_source(state, self.source_service)
    ^^^^^^^^^^^^^^^^^^^^^^^^^^^^^^^^^^^^^^^^^^^^^^^^^^^^^^
  File "C:\Users\marct\Documents\interactive-tv-wall\src\tvwall\rendering\output_renderer.py", line 75, in render
    program["u_tv_count"] = safe_count
    ~~~~~~~^^^^^^^^^^^^^^
  File "C:\Users\marct\Documents\interactive-tv-wall\.venv\Lib\site-packages\moderngl\__init__.py", line 415, in __setitem__
    self._members[key].value = value
    ~~~~~~~~~~~~~^^^^^
KeyError: 'u_tv_count'
2026-05-14 00:13:47,954 ERROR tvwall.window: Draw failed
Traceback (most recent call last):
  File "C:\Users\marct\Documents\interactive-tv-wall\src\tvwall\app\window.py", line 62, in on_draw
    self.output_renderer.ensure_source(state, self.source_service)
    ^^^^^^^^^^^^^^^^^^^^^^^^^^^^^^^^^^^^^^^^^^^^^^^^^^^^^^
  File "C:\Users\marct\Documents\interactive-tv-wall\src\tvwall\rendering\output_renderer.py", line 75, in render
    program["u_tv_count"] = safe_count
    ~~~~~~~^^^^^^^^^^^^^^
  File "C:\Users\marct\Documents\interactive-tv-wall\.venv\Lib\site-packages\moderngl\__init__.py", line 415, in __setitem__
    self._members[key].value = value
    ~~~~~~~~~~~~~^^^^^
KeyError: 'u_tv_count'
2026-05-14 00:13:48,011 ERROR tvwall.window: Draw failed
Traceback (most recent call last):
  File "C:\Users\marct\Documents\interactive-tv-wall\src\tvwall\app\window.py", line 62, in on_draw
    self.output_renderer.ensure_source(state, self.source_service)
    ^^^^^^^^^^^^^^^^^^^^^^^^^^^^^^^^^^^^^^^^^^^^^^^^^^^^^^
  File "C:\Users\marct\Documents\interactive-tv-wall\src\tvwall\rendering\output_renderer.py", line 75, in render
    program["u_tv_count"] = safe_count
    ~~~~~~~^^^^^^^^^^^^^^
  File "C:\Users\marct\Documents\interactive-tv-wall\.venv\Lib\site-packages\moderngl\__init__.py", line 415, in __setitem__
    self._members[key].value = value
    ~~~~~~~~~~~~~^^^^^
KeyError: 'u_tv_count'
2026-05-14 00:13:48,067 ERROR tvwall.window: Draw failed
Traceback (most recent call last):
  File "C:\Users\marct\Documents\interactive-tv-wall\src\tvwall\app\window.py", line 62, in on_draw
    self.output_renderer.ensure_source(state, self.source_service)
    ^^^^^^^^^^^^^^^^^^^^^^^^^^^^^^^^^^^^^^^^^^^^^^^^^^^^^^
  File "C:\Users\marct\Documents\interactive-tv-wall\src\tvwall\rendering\output_renderer.py", line 75, in render
    program["u_tv_count"] = safe_count
    ~~~~~~~^^^^^^^^^^^^^^
  File "C:\Users\marct\Documents\interactive-tv-wall\.venv\Lib\site-packages\moderngl\__init__.py", line 415, in __setitem__
    self._members[key].value = value
    ~~~~~~~~~~~~~^^^^^
KeyError: 'u_tv_count'
2026-05-14 00:13:48,126 ERROR tvwall.window: Draw failed
Traceback (most recent call last):
  File "C:\Users\marct\Documents\interactive-tv-wall\src\tvwall\app\window.py", line 62, in on_draw
    self.output_renderer.ensure_source(state, self.source_service)
    ^^^^^^^^^^^^^^^^^^^^^^^^^^^^^^^^^^^^^^^^^^^^^^^^^^^^^^
  File "C:\Users\marct\Documents\interactive-tv-wall\src\tvwall\rendering\output_renderer.py", line 75, in render
    program["u_tv_count"] = safe_count
    ~~~~~~~^^^^^^^^^^^^^^
  File "C:\Users\marct\Documents\interactive-tv-wall\.venv\Lib\site-packages\moderngl\__init__.py", line 415, in __setitem__
    self._members[key].value = value
    ~~~~~~~~~~~~~^^^^^
KeyError: 'u_tv_count'
2026-05-14 00:13:48,186 ERROR tvwall.window: Draw failed
Traceback (most recent call last):
  File "C:\Users\marct\Documents\interactive-tv-wall\src\tvwall\app\window.py", line 62, in on_draw
    self.output_renderer.ensure_source(state, self.source_service)
    ^^^^^^^^^^^^^^^^^^^^^^^^^^^^^^^^^^^^^^^^^^^^^^^^^^^^^^
  File "C:\Users\marct\Documents\interactive-tv-wall\src\tvwall\rendering\output_renderer.py", line 75, in render
    program["u_tv_count"] = safe_count
    ~~~~~~~^^^^^^^^^^^^^^
  File "C:\Users\marct\Documents\interactive-tv-wall\.venv\Lib\site-packages\moderngl\__init__.py", line 415, in __setitem__
    self._members[key].value = value
    ~~~~~~~~~~~~~^^^^^
KeyError: 'u_tv_count'
2026-05-14 00:13:48,247 ERROR tvwall.window: Draw failed
Traceback (most recent call last):
  File "C:\Users\marct\Documents\interactive-tv-wall\src\tvwall\app\window.py", line 62, in on_draw
    self.output_renderer.ensure_source(state, self.source_service)
    ^^^^^^^^^^^^^^^^^^^^^^^^^^^^^^^^^^^^^^^^^^^^^^^^^^^^^^
  File "C:\Users\marct\Documents\interactive-tv-wall\src\tvwall\rendering\output_renderer.py", line 75, in render
    program["u_tv_count"] = safe_count
    ~~~~~~~^^^^^^^^^^^^^^
  File "C:\Users\marct\Documents\interactive-tv-wall\.venv\Lib\site-packages\moderngl\__init__.py", line 415, in __setitem__
    self._members[key].value = value
    ~~~~~~~~~~~~~^^^^^
KeyError: 'u_tv_count'
2026-05-14 00:13:48,306 ERROR tvwall.window: Draw failed
Traceback (most recent call last):
  File "C:\Users\marct\Documents\interactive-tv-wall\src\tvwall\app\window.py", line 62, in on_draw
    self.output_renderer.ensure_source(state, self.source_service)
    ^^^^^^^^^^^^^^^^^^^^^^^^^^^^^^^^^^^^^^^^^^^^^^^^^^^^^^
  File "C:\Users\marct\Documents\interactive-tv-wall\src\tvwall\rendering\output_renderer.py", line 75, in render
    program["u_tv_count"] = safe_count
    ~~~~~~~^^^^^^^^^^^^^^
  File "C:\Users\marct\Documents\interactive-tv-wall\.venv\Lib\site-packages\moderngl\__init__.py", line 415, in __setitem__
    self._members[key].value = value
    ~~~~~~~~~~~~~^^^^^
KeyError: 'u_tv_count'
2026-05-14 00:13:48,369 ERROR tvwall.window: Draw failed
Traceback (most recent call last):
  File "C:\Users\marct\Documents\interactive-tv-wall\src\tvwall\app\window.py", line 62, in on_draw
    self.output_renderer.ensure_source(state, self.source_service)
    ^^^^^^^^^^^^^^^^^^^^^^^^^^^^^^^^^^^^^^^^^^^^^^^^^^^^^^
  File "C:\Users\marct\Documents\interactive-tv-wall\src\tvwall\rendering\output_renderer.py", line 75, in render
    program["u_tv_count"] = safe_count
    ~~~~~~~^^^^^^^^^^^^^^
  File "C:\Users\marct\Documents\interactive-tv-wall\.venv\Lib\site-packages\moderngl\__init__.py", line 415, in __setitem__
    self._members[key].value = value
    ~~~~~~~~~~~~~^^^^^
KeyError: 'u_tv_count'
2026-05-14 00:13:48,432 ERROR tvwall.window: Draw failed
Traceback (most recent call last):
  File "C:\Users\marct\Documents\interactive-tv-wall\src\tvwall\app\window.py", line 62, in on_draw
    self.output_renderer.ensure_source(state, self.source_service)
    ^^^^^^^^^^^^^^^^^^^^^^^^^^^^^^^^^^^^^^^^^^^^^^^^^^^^^^
  File "C:\Users\marct\Documents\interactive-tv-wall\src\tvwall\rendering\output_renderer.py", line 75, in render
    program["u_tv_count"] = safe_count
    ~~~~~~~^^^^^^^^^^^^^^
  File "C:\Users\marct\Documents\interactive-tv-wall\.venv\Lib\site-packages\moderngl\__init__.py", line 415, in __setitem__
    self._members[key].value = value
    ~~~~~~~~~~~~~^^^^^
KeyError: 'u_tv_count'
2026-05-14 00:13:48,491 ERROR tvwall.window: Draw failed
Traceback (most recent call last):
  File "C:\Users\marct\Documents\interactive-tv-wall\src\tvwall\app\window.py", line 62, in on_draw
    self.output_renderer.ensure_source(state, self.source_service)
    ^^^^^^^^^^^^^^^^^^^^^^^^^^^^^^^^^^^^^^^^^^^^^^^^^^^^^^
  File "C:\Users\marct\Documents\interactive-tv-wall\src\tvwall\rendering\output_renderer.py", line 75, in render
    program["u_tv_count"] = safe_count
    ~~~~~~~^^^^^^^^^^^^^^
  File "C:\Users\marct\Documents\interactive-tv-wall\.venv\Lib\site-packages\moderngl\__init__.py", line 415, in __setitem__
    self._members[key].value = value
    ~~~~~~~~~~~~~^^^^^
KeyError: 'u_tv_count'
2026-05-14 00:13:48,549 ERROR tvwall.window: Draw failed
Traceback (most recent call last):
  File "C:\Users\marct\Documents\interactive-tv-wall\src\tvwall\app\window.py", line 62, in on_draw
    self.output_renderer.ensure_source(state, self.source_service)
    ^^^^^^^^^^^^^^^^^^^^^^^^^^^^^^^^^^^^^^^^^^^^^^^^^^^^^^
  File "C:\Users\marct\Documents\interactive-tv-wall\src\tvwall\rendering\output_renderer.py", line 75, in render
    program["u_tv_count"] = safe_count
    ~~~~~~~^^^^^^^^^^^^^^
  File "C:\Users\marct\Documents\interactive-tv-wall\.venv\Lib\site-packages\moderngl\__init__.py", line 415, in __setitem__
    self._members[key].value = value
    ~~~~~~~~~~~~~^^^^^
KeyError: 'u_tv_count'
2026-05-14 00:13:48,605 ERROR tvwall.window: Draw failed
Traceback (most recent call last):
  File "C:\Users\marct\Documents\interactive-tv-wall\src\tvwall\app\window.py", line 62, in on_draw
    self.output_renderer.ensure_source(state, self.source_service)
    ^^^^^^^^^^^^^^^^^^^^^^^^^^^^^^^^^^^^^^^^^^^^^^^^^^^^^^
  File "C:\Users\marct\Documents\interactive-tv-wall\src\tvwall\rendering\output_renderer.py", line 75, in render
    program["u_tv_count"] = safe_count
    ~~~~~~~^^^^^^^^^^^^^^
  File "C:\Users\marct\Documents\interactive-tv-wall\.venv\Lib\site-packages\moderngl\__init__.py", line 415, in __setitem__
    self._members[key].value = value
    ~~~~~~~~~~~~~^^^^^
KeyError: 'u_tv_count'
2026-05-14 00:13:48,663 ERROR tvwall.window: Draw failed
Traceback (most recent call last):
  File "C:\Users\marct\Documents\interactive-tv-wall\src\tvwall\app\window.py", line 62, in on_draw
    self.output_renderer.ensure_source(state, self.source_service)
    ^^^^^^^^^^^^^^^^^^^^^^^^^^^^^^^^^^^^^^^^^^^^^^^^^^^^^^
  File "C:\Users\marct\Documents\interactive-tv-wall\src\tvwall\rendering\output_renderer.py", line 75, in render
    program["u_tv_count"] = safe_count
    ~~~~~~~^^^^^^^^^^^^^^
  File "C:\Users\marct\Documents\interactive-tv-wall\.venv\Lib\site-packages\moderngl\__init__.py", line 415, in __setitem__
    self._members[key].value = value
    ~~~~~~~~~~~~~^^^^^
KeyError: 'u_tv_count'
2026-05-14 00:13:48,725 ERROR tvwall.window: Draw failed
Traceback (most recent call last):
  File "C:\Users\marct\Documents\interactive-tv-wall\src\tvwall\app\window.py", line 62, in on_draw
    self.output_renderer.ensure_source(state, self.source_service)
    ^^^^^^^^^^^^^^^^^^^^^^^^^^^^^^^^^^^^^^^^^^^^^^^^^^^^^^
  File "C:\Users\marct\Documents\interactive-tv-wall\src\tvwall\rendering\output_renderer.py", line 75, in render
    program["u_tv_count"] = safe_count
    ~~~~~~~^^^^^^^^^^^^^^
  File "C:\Users\marct\Documents\interactive-tv-wall\.venv\Lib\site-packages\moderngl\__init__.py", line 415, in __setitem__
    self._members[key].value = value
    ~~~~~~~~~~~~~^^^^^
KeyError: 'u_tv_count'
2026-05-14 00:13:48,784 ERROR tvwall.window: Draw failed
Traceback (most recent call last):
  File "C:\Users\marct\Documents\interactive-tv-wall\src\tvwall\app\window.py", line 62, in on_draw
    self.output_renderer.ensure_source(state, self.source_service)
    ^^^^^^^^^^^^^^^^^^^^^^^^^^^^^^^^^^^^^^^^^^^^^^^^^^^^^^
  File "C:\Users\marct\Documents\interactive-tv-wall\src\tvwall\rendering\output_renderer.py", line 75, in render
    program["u_tv_count"] = safe_count
    ~~~~~~~^^^^^^^^^^^^^^
  File "C:\Users\marct\Documents\interactive-tv-wall\.venv\Lib\site-packages\moderngl\__init__.py", line 415, in __setitem__
    self._members[key].value = value
    ~~~~~~~~~~~~~^^^^^
KeyError: 'u_tv_count'
2026-05-14 00:13:48,845 ERROR tvwall.window: Draw failed
Traceback (most recent call last):
  File "C:\Users\marct\Documents\interactive-tv-wall\src\tvwall\app\window.py", line 62, in on_draw
    self.output_renderer.ensure_source(state, self.source_service)
    ^^^^^^^^^^^^^^^^^^^^^^^^^^^^^^^^^^^^^^^^^^^^^^^^^^^^^^
  File "C:\Users\marct\Documents\interactive-tv-wall\src\tvwall\rendering\output_renderer.py", line 75, in render
    program["u_tv_count"] = safe_count
    ~~~~~~~^^^^^^^^^^^^^^
  File "C:\Users\marct\Documents\interactive-tv-wall\.venv\Lib\site-packages\moderngl\__init__.py", line 415, in __setitem__
    self._members[key].value = value
    ~~~~~~~~~~~~~^^^^^
KeyError: 'u_tv_count'
2026-05-14 00:13:48,900 ERROR tvwall.window: Draw failed
Traceback (most recent call last):
  File "C:\Users\marct\Documents\interactive-tv-wall\src\tvwall\app\window.py", line 62, in on_draw
    self.output_renderer.ensure_source(state, self.source_service)
    ^^^^^^^^^^^^^^^^^^^^^^^^^^^^^^^^^^^^^^^^^^^^^^^^^^^^^^
  File "C:\Users\marct\Documents\interactive-tv-wall\src\tvwall\rendering\output_renderer.py", line 75, in render
    program["u_tv_count"] = safe_count
    ~~~~~~~^^^^^^^^^^^^^^
  File "C:\Users\marct\Documents\interactive-tv-wall\.venv\Lib\site-packages\moderngl\__init__.py", line 415, in __setitem__
    self._members[key].value = value
    ~~~~~~~~~~~~~^^^^^
KeyError: 'u_tv_count'
2026-05-14 00:13:48,961 ERROR tvwall.window: Draw failed
Traceback (most recent call last):
  File "C:\Users\marct\Documents\interactive-tv-wall\src\tvwall\app\window.py", line 62, in on_draw
    self.output_renderer.ensure_source(state, self.source_service)
    ^^^^^^^^^^^^^^^^^^^^^^^^^^^^^^^^^^^^^^^^^^^^^^^^^^^^^^
  File "C:\Users\marct\Documents\interactive-tv-wall\src\tvwall\rendering\output_renderer.py", line 75, in render
    program["u_tv_count"] = safe_count
    ~~~~~~~^^^^^^^^^^^^^^
  File "C:\Users\marct\Documents\interactive-tv-wall\.venv\Lib\site-packages\moderngl\__init__.py", line 415, in __setitem__
    self._members[key].value = value
    ~~~~~~~~~~~~~^^^^^
KeyError: 'u_tv_count'
2026-05-14 00:13:49,023 ERROR tvwall.window: Draw failed
Traceback (most recent call last):
  File "C:\Users\marct\Documents\interactive-tv-wall\src\tvwall\app\window.py", line 62, in on_draw
    self.output_renderer.ensure_source(state, self.source_service)
    ^^^^^^^^^^^^^^^^^^^^^^^^^^^^^^^^^^^^^^^^^^^^^^^^^^^^^^
  File "C:\Users\marct\Documents\interactive-tv-wall\src\tvwall\rendering\output_renderer.py", line 75, in render
    program["u_tv_count"] = safe_count
    ~~~~~~~^^^^^^^^^^^^^^
  File "C:\Users\marct\Documents\interactive-tv-wall\.venv\Lib\site-packages\moderngl\__init__.py", line 415, in __setitem__
    self._members[key].value = value
    ~~~~~~~~~~~~~^^^^^
KeyError: 'u_tv_count'
2026-05-14 00:13:49,081 ERROR tvwall.window: Draw failed
Traceback (most recent call last):
  File "C:\Users\marct\Documents\interactive-tv-wall\src\tvwall\app\window.py", line 62, in on_draw
    self.output_renderer.ensure_source(state, self.source_service)
    ^^^^^^^^^^^^^^^^^^^^^^^^^^^^^^^^^^^^^^^^^^^^^^^^^^^^^^
  File "C:\Users\marct\Documents\interactive-tv-wall\src\tvwall\rendering\output_renderer.py", line 75, in render
    program["u_tv_count"] = safe_count
    ~~~~~~~^^^^^^^^^^^^^^
  File "C:\Users\marct\Documents\interactive-tv-wall\.venv\Lib\site-packages\moderngl\__init__.py", line 415, in __setitem__
    self._members[key].value = value
    ~~~~~~~~~~~~~^^^^^
KeyError: 'u_tv_count'
2026-05-14 00:13:49,140 ERROR tvwall.window: Draw failed
Traceback (most recent call last):
  File "C:\Users\marct\Documents\interactive-tv-wall\src\tvwall\app\window.py", line 62, in on_draw
    self.output_renderer.ensure_source(state, self.source_service)
    ^^^^^^^^^^^^^^^^^^^^^^^^^^^^^^^^^^^^^^^^^^^^^^^^^^^^^^
  File "C:\Users\marct\Documents\interactive-tv-wall\src\tvwall\rendering\output_renderer.py", line 75, in render
    program["u_tv_count"] = safe_count
    ~~~~~~~^^^^^^^^^^^^^^
  File "C:\Users\marct\Documents\interactive-tv-wall\.venv\Lib\site-packages\moderngl\__init__.py", line 415, in __setitem__
    self._members[key].value = value
    ~~~~~~~~~~~~~^^^^^
KeyError: 'u_tv_count'
2026-05-14 00:13:49,198 ERROR tvwall.window: Draw failed
Traceback (most recent call last):
  File "C:\Users\marct\Documents\interactive-tv-wall\src\tvwall\app\window.py", line 62, in on_draw
    self.output_renderer.ensure_source(state, self.source_service)
    ^^^^^^^^^^^^^^^^^^^^^^^^^^^^^^^^^^^^^^^^^^^^^^^^^^^^^^
  File "C:\Users\marct\Documents\interactive-tv-wall\src\tvwall\rendering\output_renderer.py", line 75, in render
    program["u_tv_count"] = safe_count
    ~~~~~~~^^^^^^^^^^^^^^
  File "C:\Users\marct\Documents\interactive-tv-wall\.venv\Lib\site-packages\moderngl\__init__.py", line 415, in __setitem__
    self._members[key].value = value
    ~~~~~~~~~~~~~^^^^^
KeyError: 'u_tv_count'
2026-05-14 00:13:49,257 ERROR tvwall.window: Draw failed
Traceback (most recent call last):
  File "C:\Users\marct\Documents\interactive-tv-wall\src\tvwall\app\window.py", line 62, in on_draw
    self.output_renderer.ensure_source(state, self.source_service)
    ^^^^^^^^^^^^^^^^^^^^^^^^^^^^^^^^^^^^^^^^^^^^^^^^^^^^^^
  File "C:\Users\marct\Documents\interactive-tv-wall\src\tvwall\rendering\output_renderer.py", line 75, in render
    program["u_tv_count"] = safe_count
    ~~~~~~~^^^^^^^^^^^^^^
  File "C:\Users\marct\Documents\interactive-tv-wall\.venv\Lib\site-packages\moderngl\__init__.py", line 415, in __setitem__
    self._members[key].value = value
    ~~~~~~~~~~~~~^^^^^
KeyError: 'u_tv_count'
2026-05-14 00:13:49,316 ERROR tvwall.window: Draw failed
Traceback (most recent call last):
  File "C:\Users\marct\Documents\interactive-tv-wall\src\tvwall\app\window.py", line 62, in on_draw
    self.output_renderer.ensure_source(state, self.source_service)
    ^^^^^^^^^^^^^^^^^^^^^^^^^^^^^^^^^^^^^^^^^^^^^^^^^^^^^^
  File "C:\Users\marct\Documents\interactive-tv-wall\src\tvwall\rendering\output_renderer.py", line 75, in render
    program["u_tv_count"] = safe_count
    ~~~~~~~^^^^^^^^^^^^^^
  File "C:\Users\marct\Documents\interactive-tv-wall\.venv\Lib\site-packages\moderngl\__init__.py", line 415, in __setitem__
    self._members[key].value = value
    ~~~~~~~~~~~~~^^^^^
KeyError: 'u_tv_count'
2026-05-14 00:13:49,376 ERROR tvwall.window: Draw failed
Traceback (most recent call last):
  File "C:\Users\marct\Documents\interactive-tv-wall\src\tvwall\app\window.py", line 62, in on_draw
    self.output_renderer.ensure_source(state, self.source_service)
    ^^^^^^^^^^^^^^^^^^^^^^^^^^^^^^^^^^^^^^^^^^^^^^^^^^^^^^
  File "C:\Users\marct\Documents\interactive-tv-wall\src\tvwall\rendering\output_renderer.py", line 75, in render
    program["u_tv_count"] = safe_count
    ~~~~~~~^^^^^^^^^^^^^^
  File "C:\Users\marct\Documents\interactive-tv-wall\.venv\Lib\site-packages\moderngl\__init__.py", line 415, in __setitem__
    self._members[key].value = value
    ~~~~~~~~~~~~~^^^^^
KeyError: 'u_tv_count'
2026-05-14 00:13:49,436 ERROR tvwall.window: Draw failed
Traceback (most recent call last):
  File "C:\Users\marct\Documents\interactive-tv-wall\src\tvwall\app\window.py", line 62, in on_draw
    self.output_renderer.ensure_source(state, self.source_service)
    ^^^^^^^^^^^^^^^^^^^^^^^^^^^^^^^^^^^^^^^^^^^^^^^^^^^^^^
  File "C:\Users\marct\Documents\interactive-tv-wall\src\tvwall\rendering\output_renderer.py", line 75, in render
    program["u_tv_count"] = safe_count
    ~~~~~~~^^^^^^^^^^^^^^
  File "C:\Users\marct\Documents\interactive-tv-wall\.venv\Lib\site-packages\moderngl\__init__.py", line 415, in __setitem__
    self._members[key].value = value
    ~~~~~~~~~~~~~^^^^^
KeyError: 'u_tv_count'
2026-05-14 00:13:49,491 ERROR tvwall.window: Draw failed
Traceback (most recent call last):
  File "C:\Users\marct\Documents\interactive-tv-wall\src\tvwall\app\window.py", line 62, in on_draw
    self.output_renderer.ensure_source(state, self.source_service)
    ^^^^^^^^^^^^^^^^^^^^^^^^^^^^^^^^^^^^^^^^^^^^^^^^^^^^^^
  File "C:\Users\marct\Documents\interactive-tv-wall\src\tvwall\rendering\output_renderer.py", line 75, in render
    program["u_tv_count"] = safe_count
    ~~~~~~~^^^^^^^^^^^^^^
  File "C:\Users\marct\Documents\interactive-tv-wall\.venv\Lib\site-packages\moderngl\__init__.py", line 415, in __setitem__
    self._members[key].value = value
    ~~~~~~~~~~~~~^^^^^
KeyError: 'u_tv_count'
2026-05-14 00:13:49,554 ERROR tvwall.window: Draw failed
Traceback (most recent call last):
  File "C:\Users\marct\Documents\interactive-tv-wall\src\tvwall\app\window.py", line 62, in on_draw
    self.output_renderer.ensure_source(state, self.source_service)
    ^^^^^^^^^^^^^^^^^^^^^^^^^^^^^^^^^^^^^^^^^^^^^^^^^^^^^^
  File "C:\Users\marct\Documents\interactive-tv-wall\src\tvwall\rendering\output_renderer.py", line 75, in render
    program["u_tv_count"] = safe_count
    ~~~~~~~^^^^^^^^^^^^^^
  File "C:\Users\marct\Documents\interactive-tv-wall\.venv\Lib\site-packages\moderngl\__init__.py", line 415, in __setitem__
    self._members[key].value = value
    ~~~~~~~~~~~~~^^^^^
KeyError: 'u_tv_count'
2026-05-14 00:13:49,615 ERROR tvwall.window: Draw failed
Traceback (most recent call last):
  File "C:\Users\marct\Documents\interactive-tv-wall\src\tvwall\app\window.py", line 62, in on_draw
    self.output_renderer.ensure_source(state, self.source_service)
    ^^^^^^^^^^^^^^^^^^^^^^^^^^^^^^^^^^^^^^^^^^^^^^^^^^^^^^
  File "C:\Users\marct\Documents\interactive-tv-wall\src\tvwall\rendering\output_renderer.py", line 75, in render
    program["u_tv_count"] = safe_count
    ~~~~~~~^^^^^^^^^^^^^^
  File "C:\Users\marct\Documents\interactive-tv-wall\.venv\Lib\site-packages\moderngl\__init__.py", line 415, in __setitem__
    self._members[key].value = value
    ~~~~~~~~~~~~~^^^^^
KeyError: 'u_tv_count'
2026-05-14 00:13:49,674 ERROR tvwall.window: Draw failed
Traceback (most recent call last):
  File "C:\Users\marct\Documents\interactive-tv-wall\src\tvwall\app\window.py", line 62, in on_draw
    self.output_renderer.ensure_source(state, self.source_service)
    ^^^^^^^^^^^^^^^^^^^^^^^^^^^^^^^^^^^^^^^^^^^^^^^^^^^^^^
  File "C:\Users\marct\Documents\interactive-tv-wall\src\tvwall\rendering\output_renderer.py", line 75, in render
    program["u_tv_count"] = safe_count
    ~~~~~~~^^^^^^^^^^^^^^
  File "C:\Users\marct\Documents\interactive-tv-wall\.venv\Lib\site-packages\moderngl\__init__.py", line 415, in __setitem__
    self._members[key].value = value
    ~~~~~~~~~~~~~^^^^^
KeyError: 'u_tv_count'
2026-05-14 00:13:49,759 ERROR tvwall.window: Draw failed
Traceback (most recent call last):
  File "C:\Users\marct\Documents\interactive-tv-wall\src\tvwall\app\window.py", line 62, in on_draw
    self.output_renderer.ensure_source(state, self.source_service)
    ^^^^^^^^^^^^^^^^^^^^^^^^^^^^^^^^^^^^^^^^^^^^^^^^^^^^^^
  File "C:\Users\marct\Documents\interactive-tv-wall\src\tvwall\rendering\output_renderer.py", line 75, in render
    program["u_tv_count"] = safe_count
    ~~~~~~~^^^^^^^^^^^^^^
  File "C:\Users\marct\Documents\interactive-tv-wall\.venv\Lib\site-packages\moderngl\__init__.py", line 415, in __setitem__
    self._members[key].value = value
    ~~~~~~~~~~~~~^^^^^
KeyError: 'u_tv_count'
2026-05-14 00:13:49,843 ERROR tvwall.window: Draw failed
Traceback (most recent call last):
  File "C:\Users\marct\Documents\interactive-tv-wall\src\tvwall\app\window.py", line 62, in on_draw
    self.output_renderer.ensure_source(state, self.source_service)
    ^^^^^^^^^^^^^^^^^^^^^^^^^^^^^^^^^^^^^^^^^^^^^^^^^^^^^^
  File "C:\Users\marct\Documents\interactive-tv-wall\src\tvwall\rendering\output_renderer.py", line 75, in render
    program["u_tv_count"] = safe_count
    ~~~~~~~^^^^^^^^^^^^^^
  File "C:\Users\marct\Documents\interactive-tv-wall\.venv\Lib\site-packages\moderngl\__init__.py", line 415, in __setitem__
    self._members[key].value = value
    ~~~~~~~~~~~~~^^^^^
KeyError: 'u_tv_count'
2026-05-14 00:13:49,902 ERROR tvwall.window: Draw failed
Traceback (most recent call last):
  File "C:\Users\marct\Documents\interactive-tv-wall\src\tvwall\app\window.py", line 62, in on_draw
    self.output_renderer.ensure_source(state, self.source_service)
    ^^^^^^^^^^^^^^^^^^^^^^^^^^^^^^^^^^^^^^^^^^^^^^^^^^^^^^
  File "C:\Users\marct\Documents\interactive-tv-wall\src\tvwall\rendering\output_renderer.py", line 75, in render
    program["u_tv_count"] = safe_count
    ~~~~~~~^^^^^^^^^^^^^^
  File "C:\Users\marct\Documents\interactive-tv-wall\.venv\Lib\site-packages\moderngl\__init__.py", line 415, in __setitem__
    self._members[key].value = value
    ~~~~~~~~~~~~~^^^^^
KeyError: 'u_tv_count'
2026-05-14 00:13:49,956 ERROR tvwall.window: Draw failed
Traceback (most recent call last):
  File "C:\Users\marct\Documents\interactive-tv-wall\src\tvwall\app\window.py", line 62, in on_draw
    self.output_renderer.ensure_source(state, self.source_service)
    ^^^^^^^^^^^^^^^^^^^^^^^^^^^^^^^^^^^^^^^^^^^^^^^^^^^^^^
  File "C:\Users\marct\Documents\interactive-tv-wall\src\tvwall\rendering\output_renderer.py", line 75, in render
    program["u_tv_count"] = safe_count
    ~~~~~~~^^^^^^^^^^^^^^
  File "C:\Users\marct\Documents\interactive-tv-wall\.venv\Lib\site-packages\moderngl\__init__.py", line 415, in __setitem__
    self._members[key].value = value
    ~~~~~~~~~~~~~^^^^^
KeyError: 'u_tv_count'
2026-05-14 00:13:50,016 ERROR tvwall.window: Draw failed
Traceback (most recent call last):
  File "C:\Users\marct\Documents\interactive-tv-wall\src\tvwall\app\window.py", line 62, in on_draw
    self.output_renderer.ensure_source(state, self.source_service)
    ^^^^^^^^^^^^^^^^^^^^^^^^^^^^^^^^^^^^^^^^^^^^^^^^^^^^^^
  File "C:\Users\marct\Documents\interactive-tv-wall\src\tvwall\rendering\output_renderer.py", line 75, in render
    program["u_tv_count"] = safe_count
    ~~~~~~~^^^^^^^^^^^^^^
  File "C:\Users\marct\Documents\interactive-tv-wall\.venv\Lib\site-packages\moderngl\__init__.py", line 415, in __setitem__
    self._members[key].value = value
    ~~~~~~~~~~~~~^^^^^
KeyError: 'u_tv_count'
2026-05-14 00:13:50,072 ERROR tvwall.window: Draw failed
Traceback (most recent call last):
  File "C:\Users\marct\Documents\interactive-tv-wall\src\tvwall\app\window.py", line 62, in on_draw
    self.output_renderer.ensure_source(state, self.source_service)
    ^^^^^^^^^^^^^^^^^^^^^^^^^^^^^^^^^^^^^^^^^^^^^^^^^^^^^^
  File "C:\Users\marct\Documents\interactive-tv-wall\src\tvwall\rendering\output_renderer.py", line 75, in render
    program["u_tv_count"] = safe_count
    ~~~~~~~^^^^^^^^^^^^^^
  File "C:\Users\marct\Documents\interactive-tv-wall\.venv\Lib\site-packages\moderngl\__init__.py", line 415, in __setitem__
    self._members[key].value = value
    ~~~~~~~~~~~~~^^^^^
KeyError: 'u_tv_count'
2026-05-14 00:13:50,128 ERROR tvwall.window: Draw failed
Traceback (most recent call last):
  File "C:\Users\marct\Documents\interactive-tv-wall\src\tvwall\app\window.py", line 62, in on_draw
    self.output_renderer.ensure_source(state, self.source_service)
    ^^^^^^^^^^^^^^^^^^^^^^^^^^^^^^^^^^^^^^^^^^^^^^^^^^^^^^
  File "C:\Users\marct\Documents\interactive-tv-wall\src\tvwall\rendering\output_renderer.py", line 75, in render
    program["u_tv_count"] = safe_count
    ~~~~~~~^^^^^^^^^^^^^^
  File "C:\Users\marct\Documents\interactive-tv-wall\.venv\Lib\site-packages\moderngl\__init__.py", line 415, in __setitem__
    self._members[key].value = value
    ~~~~~~~~~~~~~^^^^^
KeyError: 'u_tv_count'
2026-05-14 00:13:50,184 ERROR tvwall.window: Draw failed
Traceback (most recent call last):
  File "C:\Users\marct\Documents\interactive-tv-wall\src\tvwall\app\window.py", line 62, in on_draw
    self.output_renderer.ensure_source(state, self.source_service)
    ^^^^^^^^^^^^^^^^^^^^^^^^^^^^^^^^^^^^^^^^^^^^^^^^^^^^^^
  File "C:\Users\marct\Documents\interactive-tv-wall\src\tvwall\rendering\output_renderer.py", line 75, in render
    program["u_tv_count"] = safe_count
    ~~~~~~~^^^^^^^^^^^^^^
  File "C:\Users\marct\Documents\interactive-tv-wall\.venv\Lib\site-packages\moderngl\__init__.py", line 415, in __setitem__
    self._members[key].value = value
    ~~~~~~~~~~~~~^^^^^
KeyError: 'u_tv_count'
2026-05-14 00:13:50,243 ERROR tvwall.window: Draw failed
Traceback (most recent call last):
  File "C:\Users\marct\Documents\interactive-tv-wall\src\tvwall\app\window.py", line 62, in on_draw
    self.output_renderer.ensure_source(state, self.source_service)
    ^^^^^^^^^^^^^^^^^^^^^^^^^^^^^^^^^^^^^^^^^^^^^^^^^^^^^^
  File "C:\Users\marct\Documents\interactive-tv-wall\src\tvwall\rendering\output_renderer.py", line 75, in render
    program["u_tv_count"] = safe_count
    ~~~~~~~^^^^^^^^^^^^^^
  File "C:\Users\marct\Documents\interactive-tv-wall\.venv\Lib\site-packages\moderngl\__init__.py", line 415, in __setitem__
    self._members[key].value = value
    ~~~~~~~~~~~~~^^^^^
KeyError: 'u_tv_count'
2026-05-14 00:13:50,304 ERROR tvwall.window: Draw failed
Traceback (most recent call last):
  File "C:\Users\marct\Documents\interactive-tv-wall\src\tvwall\app\window.py", line 62, in on_draw
    self.output_renderer.ensure_source(state, self.source_service)
    ^^^^^^^^^^^^^^^^^^^^^^^^^^^^^^^^^^^^^^^^^^^^^^^^^^^^^^
  File "C:\Users\marct\Documents\interactive-tv-wall\src\tvwall\rendering\output_renderer.py", line 75, in render
    program["u_tv_count"] = safe_count
    ~~~~~~~^^^^^^^^^^^^^^
  File "C:\Users\marct\Documents\interactive-tv-wall\.venv\Lib\site-packages\moderngl\__init__.py", line 415, in __setitem__
    self._members[key].value = value
    ~~~~~~~~~~~~~^^^^^
KeyError: 'u_tv_count'
2026-05-14 00:13:50,365 ERROR tvwall.window: Draw failed
Traceback (most recent call last):
  File "C:\Users\marct\Documents\interactive-tv-wall\src\tvwall\app\window.py", line 62, in on_draw
    self.output_renderer.ensure_source(state, self.source_service)
    ^^^^^^^^^^^^^^^^^^^^^^^^^^^^^^^^^^^^^^^^^^^^^^^^^^^^^^
  File "C:\Users\marct\Documents\interactive-tv-wall\src\tvwall\rendering\output_renderer.py", line 75, in render
    program["u_tv_count"] = safe_count
    ~~~~~~~^^^^^^^^^^^^^^
  File "C:\Users\marct\Documents\interactive-tv-wall\.venv\Lib\site-packages\moderngl\__init__.py", line 415, in __setitem__
    self._members[key].value = value
    ~~~~~~~~~~~~~^^^^^
KeyError: 'u_tv_count'
2026-05-14 00:13:50,422 ERROR tvwall.window: Draw failed
Traceback (most recent call last):
  File "C:\Users\marct\Documents\interactive-tv-wall\src\tvwall\app\window.py", line 62, in on_draw
    self.output_renderer.ensure_source(state, self.source_service)
    ^^^^^^^^^^^^^^^^^^^^^^^^^^^^^^^^^^^^^^^^^^^^^^^^^^^^^^
  File "C:\Users\marct\Documents\interactive-tv-wall\src\tvwall\rendering\output_renderer.py", line 75, in render
    program["u_tv_count"] = safe_count
    ~~~~~~~^^^^^^^^^^^^^^
  File "C:\Users\marct\Documents\interactive-tv-wall\.venv\Lib\site-packages\moderngl\__init__.py", line 415, in __setitem__
    self._members[key].value = value
    ~~~~~~~~~~~~~^^^^^
KeyError: 'u_tv_count'
2026-05-14 00:13:50,479 ERROR tvwall.window: Draw failed
Traceback (most recent call last):
  File "C:\Users\marct\Documents\interactive-tv-wall\src\tvwall\app\window.py", line 62, in on_draw
    self.output_renderer.ensure_source(state, self.source_service)
    ^^^^^^^^^^^^^^^^^^^^^^^^^^^^^^^^^^^^^^^^^^^^^^^^^^^^^^
  File "C:\Users\marct\Documents\interactive-tv-wall\src\tvwall\rendering\output_renderer.py", line 75, in render
    program["u_tv_count"] = safe_count
    ~~~~~~~^^^^^^^^^^^^^^
  File "C:\Users\marct\Documents\interactive-tv-wall\.venv\Lib\site-packages\moderngl\__init__.py", line 415, in __setitem__
    self._members[key].value = value
    ~~~~~~~~~~~~~^^^^^
KeyError: 'u_tv_count'
2026-05-14 00:13:50,534 ERROR tvwall.window: Draw failed
Traceback (most recent call last):
  File "C:\Users\marct\Documents\interactive-tv-wall\src\tvwall\app\window.py", line 62, in on_draw
    self.output_renderer.ensure_source(state, self.source_service)
    ^^^^^^^^^^^^^^^^^^^^^^^^^^^^^^^^^^^^^^^^^^^^^^^^^^^^^^
  File "C:\Users\marct\Documents\interactive-tv-wall\src\tvwall\rendering\output_renderer.py", line 75, in render
    program["u_tv_count"] = safe_count
    ~~~~~~~^^^^^^^^^^^^^^
  File "C:\Users\marct\Documents\interactive-tv-wall\.venv\Lib\site-packages\moderngl\__init__.py", line 415, in __setitem__
    self._members[key].value = value
    ~~~~~~~~~~~~~^^^^^
KeyError: 'u_tv_count'
2026-05-14 00:13:50,601 ERROR tvwall.window: Draw failed
Traceback (most recent call last):
  File "C:\Users\marct\Documents\interactive-tv-wall\src\tvwall\app\window.py", line 62, in on_draw
    self.output_renderer.ensure_source(state, self.source_service)
    ^^^^^^^^^^^^^^^^^^^^^^^^^^^^^^^^^^^^^^^^^^^^^^^^^^^^^^
  File "C:\Users\marct\Documents\interactive-tv-wall\src\tvwall\rendering\output_renderer.py", line 75, in render
    program["u_tv_count"] = safe_count
    ~~~~~~~^^^^^^^^^^^^^^
  File "C:\Users\marct\Documents\interactive-tv-wall\.venv\Lib\site-packages\moderngl\__init__.py", line 415, in __setitem__
    self._members[key].value = value
    ~~~~~~~~~~~~~^^^^^
KeyError: 'u_tv_count'
2026-05-14 00:13:50,659 ERROR tvwall.window: Draw failed
Traceback (most recent call last):
  File "C:\Users\marct\Documents\interactive-tv-wall\src\tvwall\app\window.py", line 62, in on_draw
    self.output_renderer.ensure_source(state, self.source_service)
    ^^^^^^^^^^^^^^^^^^^^^^^^^^^^^^^^^^^^^^^^^^^^^^^^^^^^^^
  File "C:\Users\marct\Documents\interactive-tv-wall\src\tvwall\rendering\output_renderer.py", line 75, in render
    program["u_tv_count"] = safe_count
    ~~~~~~~^^^^^^^^^^^^^^
  File "C:\Users\marct\Documents\interactive-tv-wall\.venv\Lib\site-packages\moderngl\__init__.py", line 415, in __setitem__
    self._members[key].value = value
    ~~~~~~~~~~~~~^^^^^
KeyError: 'u_tv_count'
2026-05-14 00:13:50,724 ERROR tvwall.window: Draw failed
Traceback (most recent call last):
  File "C:\Users\marct\Documents\interactive-tv-wall\src\tvwall\app\window.py", line 62, in on_draw
    self.output_renderer.ensure_source(state, self.source_service)
    ^^^^^^^^^^^^^^^^^^^^^^^^^^^^^^^^^^^^^^^^^^^^^^^^^^^^^^
  File "C:\Users\marct\Documents\interactive-tv-wall\src\tvwall\rendering\output_renderer.py", line 75, in render
    program["u_tv_count"] = safe_count
    ~~~~~~~^^^^^^^^^^^^^^
  File "C:\Users\marct\Documents\interactive-tv-wall\.venv\Lib\site-packages\moderngl\__init__.py", line 415, in __setitem__
    self._members[key].value = value
    ~~~~~~~~~~~~~^^^^^
KeyError: 'u_tv_count'
2026-05-14 00:13:50,787 ERROR tvwall.window: Draw failed
Traceback (most recent call last):
  File "C:\Users\marct\Documents\interactive-tv-wall\src\tvwall\app\window.py", line 62, in on_draw
    self.output_renderer.ensure_source(state, self.source_service)
    ^^^^^^^^^^^^^^^^^^^^^^^^^^^^^^^^^^^^^^^^^^^^^^^^^^^^^^
  File "C:\Users\marct\Documents\interactive-tv-wall\src\tvwall\rendering\output_renderer.py", line 75, in render
    program["u_tv_count"] = safe_count
    ~~~~~~~^^^^^^^^^^^^^^
  File "C:\Users\marct\Documents\interactive-tv-wall\.venv\Lib\site-packages\moderngl\__init__.py", line 415, in __setitem__
    self._members[key].value = value
    ~~~~~~~~~~~~~^^^^^
KeyError: 'u_tv_count'
2026-05-14 00:13:50,844 ERROR tvwall.window: Draw failed
Traceback (most recent call last):
  File "C:\Users\marct\Documents\interactive-tv-wall\src\tvwall\app\window.py", line 62, in on_draw
    self.output_renderer.ensure_source(state, self.source_service)
    ^^^^^^^^^^^^^^^^^^^^^^^^^^^^^^^^^^^^^^^^^^^^^^^^^^^^^^
  File "C:\Users\marct\Documents\interactive-tv-wall\src\tvwall\rendering\output_renderer.py", line 75, in render
    program["u_tv_count"] = safe_count
    ~~~~~~~^^^^^^^^^^^^^^
  File "C:\Users\marct\Documents\interactive-tv-wall\.venv\Lib\site-packages\moderngl\__init__.py", line 415, in __setitem__
    self._members[key].value = value
    ~~~~~~~~~~~~~^^^^^
KeyError: 'u_tv_count'
2026-05-14 00:13:50,901 ERROR tvwall.window: Draw failed
Traceback (most recent call last):
  File "C:\Users\marct\Documents\interactive-tv-wall\src\tvwall\app\window.py", line 62, in on_draw
    self.output_renderer.ensure_source(state, self.source_service)
    ^^^^^^^^^^^^^^^^^^^^^^^^^^^^^^^^^^^^^^^^^^^^^^^^^^^^^^
  File "C:\Users\marct\Documents\interactive-tv-wall\src\tvwall\rendering\output_renderer.py", line 75, in render
    program["u_tv_count"] = safe_count
    ~~~~~~~^^^^^^^^^^^^^^
  File "C:\Users\marct\Documents\interactive-tv-wall\.venv\Lib\site-packages\moderngl\__init__.py", line 415, in __setitem__
    self._members[key].value = value
    ~~~~~~~~~~~~~^^^^^
KeyError: 'u_tv_count'
2026-05-14 00:13:50,957 ERROR tvwall.window: Draw failed
Traceback (most recent call last):
  File "C:\Users\marct\Documents\interactive-tv-wall\src\tvwall\app\window.py", line 62, in on_draw
    self.output_renderer.ensure_source(state, self.source_service)
    ^^^^^^^^^^^^^^^^^^^^^^^^^^^^^^^^^^^^^^^^^^^^^^^^^^^^^^
  File "C:\Users\marct\Documents\interactive-tv-wall\src\tvwall\rendering\output_renderer.py", line 75, in render
    program["u_tv_count"] = safe_count
    ~~~~~~~^^^^^^^^^^^^^^
  File "C:\Users\marct\Documents\interactive-tv-wall\.venv\Lib\site-packages\moderngl\__init__.py", line 415, in __setitem__
    self._members[key].value = value
    ~~~~~~~~~~~~~^^^^^
KeyError: 'u_tv_count'
2026-05-14 00:13:51,012 ERROR tvwall.window: Draw failed
Traceback (most recent call last):
  File "C:\Users\marct\Documents\interactive-tv-wall\src\tvwall\app\window.py", line 62, in on_draw
    self.output_renderer.ensure_source(state, self.source_service)
    ^^^^^^^^^^^^^^^^^^^^^^^^^^^^^^^^^^^^^^^^^^^^^^^^^^^^^^
  File "C:\Users\marct\Documents\interactive-tv-wall\src\tvwall\rendering\output_renderer.py", line 75, in render
    program["u_tv_count"] = safe_count
    ~~~~~~~^^^^^^^^^^^^^^
  File "C:\Users\marct\Documents\interactive-tv-wall\.venv\Lib\site-packages\moderngl\__init__.py", line 415, in __setitem__
    self._members[key].value = value
    ~~~~~~~~~~~~~^^^^^
KeyError: 'u_tv_count'
2026-05-14 00:13:51,069 ERROR tvwall.window: Draw failed
Traceback (most recent call last):
  File "C:\Users\marct\Documents\interactive-tv-wall\src\tvwall\app\window.py", line 62, in on_draw
    self.output_renderer.ensure_source(state, self.source_service)
    ^^^^^^^^^^^^^^^^^^^^^^^^^^^^^^^^^^^^^^^^^^^^^^^^^^^^^^
  File "C:\Users\marct\Documents\interactive-tv-wall\src\tvwall\rendering\output_renderer.py", line 75, in render
    program["u_tv_count"] = safe_count
    ~~~~~~~^^^^^^^^^^^^^^
  File "C:\Users\marct\Documents\interactive-tv-wall\.venv\Lib\site-packages\moderngl\__init__.py", line 415, in __setitem__
    self._members[key].value = value
    ~~~~~~~~~~~~~^^^^^
KeyError: 'u_tv_count'
2026-05-14 00:13:51,123 ERROR tvwall.window: Draw failed
Traceback (most recent call last):
  File "C:\Users\marct\Documents\interactive-tv-wall\src\tvwall\app\window.py", line 62, in on_draw
    self.output_renderer.ensure_source(state, self.source_service)
    ^^^^^^^^^^^^^^^^^^^^^^^^^^^^^^^^^^^^^^^^^^^^^^^^^^^^^^
  File "C:\Users\marct\Documents\interactive-tv-wall\src\tvwall\rendering\output_renderer.py", line 75, in render
    program["u_tv_count"] = safe_count
    ~~~~~~~^^^^^^^^^^^^^^
  File "C:\Users\marct\Documents\interactive-tv-wall\.venv\Lib\site-packages\moderngl\__init__.py", line 415, in __setitem__
    self._members[key].value = value
    ~~~~~~~~~~~~~^^^^^
KeyError: 'u_tv_count'
2026-05-14 00:13:51,181 ERROR tvwall.window: Draw failed
Traceback (most recent call last):
  File "C:\Users\marct\Documents\interactive-tv-wall\src\tvwall\app\window.py", line 62, in on_draw
    self.output_renderer.ensure_source(state, self.source_service)
    ^^^^^^^^^^^^^^^^^^^^^^^^^^^^^^^^^^^^^^^^^^^^^^^^^^^^^^
  File "C:\Users\marct\Documents\interactive-tv-wall\src\tvwall\rendering\output_renderer.py", line 75, in render
    program["u_tv_count"] = safe_count
    ~~~~~~~^^^^^^^^^^^^^^
  File "C:\Users\marct\Documents\interactive-tv-wall\.venv\Lib\site-packages\moderngl\__init__.py", line 415, in __setitem__
    self._members[key].value = value
    ~~~~~~~~~~~~~^^^^^
KeyError: 'u_tv_count'
2026-05-14 00:13:51,238 ERROR tvwall.window: Draw failed
Traceback (most recent call last):
  File "C:\Users\marct\Documents\interactive-tv-wall\src\tvwall\app\window.py", line 62, in on_draw
    self.output_renderer.ensure_source(state, self.source_service)
    ^^^^^^^^^^^^^^^^^^^^^^^^^^^^^^^^^^^^^^^^^^^^^^^^^^^^^^
  File "C:\Users\marct\Documents\interactive-tv-wall\src\tvwall\rendering\output_renderer.py", line 75, in render
    program["u_tv_count"] = safe_count
    ~~~~~~~^^^^^^^^^^^^^^
  File "C:\Users\marct\Documents\interactive-tv-wall\.venv\Lib\site-packages\moderngl\__init__.py", line 415, in __setitem__
    self._members[key].value = value
    ~~~~~~~~~~~~~^^^^^
KeyError: 'u_tv_count'
2026-05-14 00:13:51,293 ERROR tvwall.window: Draw failed
Traceback (most recent call last):
  File "C:\Users\marct\Documents\interactive-tv-wall\src\tvwall\app\window.py", line 62, in on_draw
    self.output_renderer.ensure_source(state, self.source_service)
    ^^^^^^^^^^^^^^^^^^^^^^^^^^^^^^^^^^^^^^^^^^^^^^^^^^^^^^
  File "C:\Users\marct\Documents\interactive-tv-wall\src\tvwall\rendering\output_renderer.py", line 75, in render
    program["u_tv_count"] = safe_count
    ~~~~~~~^^^^^^^^^^^^^^
  File "C:\Users\marct\Documents\interactive-tv-wall\.venv\Lib\site-packages\moderngl\__init__.py", line 415, in __setitem__
    self._members[key].value = value
    ~~~~~~~~~~~~~^^^^^
KeyError: 'u_tv_count'
2026-05-14 00:13:51,352 ERROR tvwall.window: Draw failed
Traceback (most recent call last):
  File "C:\Users\marct\Documents\interactive-tv-wall\src\tvwall\app\window.py", line 62, in on_draw
    self.output_renderer.ensure_source(state, self.source_service)
    ^^^^^^^^^^^^^^^^^^^^^^^^^^^^^^^^^^^^^^^^^^^^^^^^^^^^^^
  File "C:\Users\marct\Documents\interactive-tv-wall\src\tvwall\rendering\output_renderer.py", line 75, in render
    program["u_tv_count"] = safe_count
    ~~~~~~~^^^^^^^^^^^^^^
  File "C:\Users\marct\Documents\interactive-tv-wall\.venv\Lib\site-packages\moderngl\__init__.py", line 415, in __setitem__
    self._members[key].value = value
    ~~~~~~~~~~~~~^^^^^
KeyError: 'u_tv_count'
2026-05-14 00:13:51,408 ERROR tvwall.window: Draw failed
Traceback (most recent call last):
  File "C:\Users\marct\Documents\interactive-tv-wall\src\tvwall\app\window.py", line 62, in on_draw
    self.output_renderer.ensure_source(state, self.source_service)
    ^^^^^^^^^^^^^^^^^^^^^^^^^^^^^^^^^^^^^^^^^^^^^^^^^^^^^^
  File "C:\Users\marct\Documents\interactive-tv-wall\src\tvwall\rendering\output_renderer.py", line 75, in render
    program["u_tv_count"] = safe_count
    ~~~~~~~^^^^^^^^^^^^^^
  File "C:\Users\marct\Documents\interactive-tv-wall\.venv\Lib\site-packages\moderngl\__init__.py", line 415, in __setitem__
    self._members[key].value = value
    ~~~~~~~~~~~~~^^^^^
KeyError: 'u_tv_count'
2026-05-14 00:13:51,464 ERROR tvwall.window: Draw failed
Traceback (most recent call last):
  File "C:\Users\marct\Documents\interactive-tv-wall\src\tvwall\app\window.py", line 62, in on_draw
    self.output_renderer.ensure_source(state, self.source_service)
    ^^^^^^^^^^^^^^^^^^^^^^^^^^^^^^^^^^^^^^^^^^^^^^^^^^^^^^
  File "C:\Users\marct\Documents\interactive-tv-wall\src\tvwall\rendering\output_renderer.py", line 75, in render
    program["u_tv_count"] = safe_count
    ~~~~~~~^^^^^^^^^^^^^^
  File "C:\Users\marct\Documents\interactive-tv-wall\.venv\Lib\site-packages\moderngl\__init__.py", line 415, in __setitem__
    self._members[key].value = value
    ~~~~~~~~~~~~~^^^^^
KeyError: 'u_tv_count'
2026-05-14 00:13:51,521 ERROR tvwall.window: Draw failed
Traceback (most recent call last):
  File "C:\Users\marct\Documents\interactive-tv-wall\src\tvwall\app\window.py", line 62, in on_draw
    self.output_renderer.ensure_source(state, self.source_service)
    ^^^^^^^^^^^^^^^^^^^^^^^^^^^^^^^^^^^^^^^^^^^^^^^^^^^^^^
  File "C:\Users\marct\Documents\interactive-tv-wall\src\tvwall\rendering\output_renderer.py", line 75, in render
    program["u_tv_count"] = safe_count
    ~~~~~~~^^^^^^^^^^^^^^
  File "C:\Users\marct\Documents\interactive-tv-wall\.venv\Lib\site-packages\moderngl\__init__.py", line 415, in __setitem__
    self._members[key].value = value
    ~~~~~~~~~~~~~^^^^^
KeyError: 'u_tv_count'
2026-05-14 00:13:51,580 ERROR tvwall.window: Draw failed
Traceback (most recent call last):
  File "C:\Users\marct\Documents\interactive-tv-wall\src\tvwall\app\window.py", line 62, in on_draw
    self.output_renderer.ensure_source(state, self.source_service)
    ^^^^^^^^^^^^^^^^^^^^^^^^^^^^^^^^^^^^^^^^^^^^^^^^^^^^^^
  File "C:\Users\marct\Documents\interactive-tv-wall\src\tvwall\rendering\output_renderer.py", line 75, in render
    program["u_tv_count"] = safe_count
    ~~~~~~~^^^^^^^^^^^^^^
  File "C:\Users\marct\Documents\interactive-tv-wall\.venv\Lib\site-packages\moderngl\__init__.py", line 415, in __setitem__
    self._members[key].value = value
    ~~~~~~~~~~~~~^^^^^
KeyError: 'u_tv_count'
2026-05-14 00:13:51,677 ERROR tvwall.window: Draw failed
Traceback (most recent call last):
  File "C:\Users\marct\Documents\interactive-tv-wall\src\tvwall\app\window.py", line 62, in on_draw
    self.output_renderer.ensure_source(state, self.source_service)
    ^^^^^^^^^^^^^^^^^^^^^^^^^^^^^^^^^^^^^^^^^^^^^^^^^^^^^^
  File "C:\Users\marct\Documents\interactive-tv-wall\src\tvwall\rendering\output_renderer.py", line 75, in render
    program["u_tv_count"] = safe_count
    ~~~~~~~^^^^^^^^^^^^^^
  File "C:\Users\marct\Documents\interactive-tv-wall\.venv\Lib\site-packages\moderngl\__init__.py", line 415, in __setitem__
    self._members[key].value = value
    ~~~~~~~~~~~~~^^^^^
KeyError: 'u_tv_count'
2026-05-14 00:13:51,740 ERROR tvwall.window: Draw failed
Traceback (most recent call last):
  File "C:\Users\marct\Documents\interactive-tv-wall\src\tvwall\app\window.py", line 62, in on_draw
    self.output_renderer.ensure_source(state, self.source_service)
    ^^^^^^^^^^^^^^^^^^^^^^^^^^^^^^^^^^^^^^^^^^^^^^^^^^^^^^
  File "C:\Users\marct\Documents\interactive-tv-wall\src\tvwall\rendering\output_renderer.py", line 75, in render
    program["u_tv_count"] = safe_count
    ~~~~~~~^^^^^^^^^^^^^^
  File "C:\Users\marct\Documents\interactive-tv-wall\.venv\Lib\site-packages\moderngl\__init__.py", line 415, in __setitem__
    self._members[key].value = value
    ~~~~~~~~~~~~~^^^^^
KeyError: 'u_tv_count'
2026-05-14 00:13:51,799 ERROR tvwall.window: Draw failed
Traceback (most recent call last):
  File "C:\Users\marct\Documents\interactive-tv-wall\src\tvwall\app\window.py", line 62, in on_draw
    self.output_renderer.ensure_source(state, self.source_service)
    ^^^^^^^^^^^^^^^^^^^^^^^^^^^^^^^^^^^^^^^^^^^^^^^^^^^^^^
  File "C:\Users\marct\Documents\interactive-tv-wall\src\tvwall\rendering\output_renderer.py", line 75, in render
    program["u_tv_count"] = safe_count
    ~~~~~~~^^^^^^^^^^^^^^
  File "C:\Users\marct\Documents\interactive-tv-wall\.venv\Lib\site-packages\moderngl\__init__.py", line 415, in __setitem__
    self._members[key].value = value
    ~~~~~~~~~~~~~^^^^^
KeyError: 'u_tv_count'
2026-05-14 00:13:51,853 ERROR tvwall.window: Draw failed
Traceback (most recent call last):
  File "C:\Users\marct\Documents\interactive-tv-wall\src\tvwall\app\window.py", line 62, in on_draw
    self.output_renderer.ensure_source(state, self.source_service)
    ^^^^^^^^^^^^^^^^^^^^^^^^^^^^^^^^^^^^^^^^^^^^^^^^^^^^^^
  File "C:\Users\marct\Documents\interactive-tv-wall\src\tvwall\rendering\output_renderer.py", line 75, in render
    program["u_tv_count"] = safe_count
    ~~~~~~~^^^^^^^^^^^^^^
  File "C:\Users\marct\Documents\interactive-tv-wall\.venv\Lib\site-packages\moderngl\__init__.py", line 415, in __setitem__
    self._members[key].value = value
    ~~~~~~~~~~~~~^^^^^
KeyError: 'u_tv_count'
2026-05-14 00:13:51,911 ERROR tvwall.window: Draw failed
Traceback (most recent call last):
  File "C:\Users\marct\Documents\interactive-tv-wall\src\tvwall\app\window.py", line 62, in on_draw
    self.output_renderer.ensure_source(state, self.source_service)
    ^^^^^^^^^^^^^^^^^^^^^^^^^^^^^^^^^^^^^^^^^^^^^^^^^^^^^^
  File "C:\Users\marct\Documents\interactive-tv-wall\src\tvwall\rendering\output_renderer.py", line 75, in render
    program["u_tv_count"] = safe_count
    ~~~~~~~^^^^^^^^^^^^^^
  File "C:\Users\marct\Documents\interactive-tv-wall\.venv\Lib\site-packages\moderngl\__init__.py", line 415, in __setitem__
    self._members[key].value = value
    ~~~~~~~~~~~~~^^^^^
KeyError: 'u_tv_count'
2026-05-14 00:13:51,966 ERROR tvwall.window: Draw failed
Traceback (most recent call last):
  File "C:\Users\marct\Documents\interactive-tv-wall\src\tvwall\app\window.py", line 62, in on_draw
    self.output_renderer.ensure_source(state, self.source_service)
    ^^^^^^^^^^^^^^^^^^^^^^^^^^^^^^^^^^^^^^^^^^^^^^^^^^^^^^
  File "C:\Users\marct\Documents\interactive-tv-wall\src\tvwall\rendering\output_renderer.py", line 75, in render
    program["u_tv_count"] = safe_count
    ~~~~~~~^^^^^^^^^^^^^^
  File "C:\Users\marct\Documents\interactive-tv-wall\.venv\Lib\site-packages\moderngl\__init__.py", line 415, in __setitem__
    self._members[key].value = value
    ~~~~~~~~~~~~~^^^^^
KeyError: 'u_tv_count'
2026-05-14 00:13:52,021 ERROR tvwall.window: Draw failed
Traceback (most recent call last):
  File "C:\Users\marct\Documents\interactive-tv-wall\src\tvwall\app\window.py", line 62, in on_draw
    self.output_renderer.ensure_source(state, self.source_service)
    ^^^^^^^^^^^^^^^^^^^^^^^^^^^^^^^^^^^^^^^^^^^^^^^^^^^^^^
  File "C:\Users\marct\Documents\interactive-tv-wall\src\tvwall\rendering\output_renderer.py", line 75, in render
    program["u_tv_count"] = safe_count
    ~~~~~~~^^^^^^^^^^^^^^
  File "C:\Users\marct\Documents\interactive-tv-wall\.venv\Lib\site-packages\moderngl\__init__.py", line 415, in __setitem__
    self._members[key].value = value
    ~~~~~~~~~~~~~^^^^^
KeyError: 'u_tv_count'
2026-05-14 00:13:52,080 ERROR tvwall.window: Draw failed
Traceback (most recent call last):
  File "C:\Users\marct\Documents\interactive-tv-wall\src\tvwall\app\window.py", line 62, in on_draw
    self.output_renderer.ensure_source(state, self.source_service)
    ^^^^^^^^^^^^^^^^^^^^^^^^^^^^^^^^^^^^^^^^^^^^^^^^^^^^^^
  File "C:\Users\marct\Documents\interactive-tv-wall\src\tvwall\rendering\output_renderer.py", line 75, in render
    program["u_tv_count"] = safe_count
    ~~~~~~~^^^^^^^^^^^^^^
  File "C:\Users\marct\Documents\interactive-tv-wall\.venv\Lib\site-packages\moderngl\__init__.py", line 415, in __setitem__
    self._members[key].value = value
    ~~~~~~~~~~~~~^^^^^
KeyError: 'u_tv_count'
2026-05-14 00:13:52,138 ERROR tvwall.window: Draw failed
Traceback (most recent call last):
  File "C:\Users\marct\Documents\interactive-tv-wall\src\tvwall\app\window.py", line 62, in on_draw
    self.output_renderer.ensure_source(state, self.source_service)
    ^^^^^^^^^^^^^^^^^^^^^^^^^^^^^^^^^^^^^^^^^^^^^^^^^^^^^^
  File "C:\Users\marct\Documents\interactive-tv-wall\src\tvwall\rendering\output_renderer.py", line 75, in render
    program["u_tv_count"] = safe_count
    ~~~~~~~^^^^^^^^^^^^^^
  File "C:\Users\marct\Documents\interactive-tv-wall\.venv\Lib\site-packages\moderngl\__init__.py", line 415, in __setitem__
    self._members[key].value = value
    ~~~~~~~~~~~~~^^^^^
KeyError: 'u_tv_count'
2026-05-14 00:13:52,199 ERROR tvwall.window: Draw failed
Traceback (most recent call last):
  File "C:\Users\marct\Documents\interactive-tv-wall\src\tvwall\app\window.py", line 62, in on_draw
    self.output_renderer.ensure_source(state, self.source_service)
    ^^^^^^^^^^^^^^^^^^^^^^^^^^^^^^^^^^^^^^^^^^^^^^^^^^^^^^
  File "C:\Users\marct\Documents\interactive-tv-wall\src\tvwall\rendering\output_renderer.py", line 75, in render
    program["u_tv_count"] = safe_count
    ~~~~~~~^^^^^^^^^^^^^^
  File "C:\Users\marct\Documents\interactive-tv-wall\.venv\Lib\site-packages\moderngl\__init__.py", line 415, in __setitem__
    self._members[key].value = value
    ~~~~~~~~~~~~~^^^^^
KeyError: 'u_tv_count'
2026-05-14 00:13:52,256 ERROR tvwall.window: Draw failed
Traceback (most recent call last):
  File "C:\Users\marct\Documents\interactive-tv-wall\src\tvwall\app\window.py", line 62, in on_draw
    self.output_renderer.ensure_source(state, self.source_service)
    ^^^^^^^^^^^^^^^^^^^^^^^^^^^^^^^^^^^^^^^^^^^^^^^^^^^^^^
  File "C:\Users\marct\Documents\interactive-tv-wall\src\tvwall\rendering\output_renderer.py", line 75, in render
    program["u_tv_count"] = safe_count
    ~~~~~~~^^^^^^^^^^^^^^
  File "C:\Users\marct\Documents\interactive-tv-wall\.venv\Lib\site-packages\moderngl\__init__.py", line 415, in __setitem__
    self._members[key].value = value
    ~~~~~~~~~~~~~^^^^^
KeyError: 'u_tv_count'
2026-05-14 00:13:52,312 ERROR tvwall.window: Draw failed
Traceback (most recent call last):
  File "C:\Users\marct\Documents\interactive-tv-wall\src\tvwall\app\window.py", line 62, in on_draw
    self.output_renderer.ensure_source(state, self.source_service)
    ^^^^^^^^^^^^^^^^^^^^^^^^^^^^^^^^^^^^^^^^^^^^^^^^^^^^^^
  File "C:\Users\marct\Documents\interactive-tv-wall\src\tvwall\rendering\output_renderer.py", line 75, in render
    program["u_tv_count"] = safe_count
    ~~~~~~~^^^^^^^^^^^^^^
  File "C:\Users\marct\Documents\interactive-tv-wall\.venv\Lib\site-packages\moderngl\__init__.py", line 415, in __setitem__
    self._members[key].value = value
    ~~~~~~~~~~~~~^^^^^
KeyError: 'u_tv_count'
2026-05-14 00:13:52,375 ERROR tvwall.window: Draw failed
Traceback (most recent call last):
  File "C:\Users\marct\Documents\interactive-tv-wall\src\tvwall\app\window.py", line 62, in on_draw
    self.output_renderer.ensure_source(state, self.source_service)
    ^^^^^^^^^^^^^^^^^^^^^^^^^^^^^^^^^^^^^^^^^^^^^^^^^^^^^^
  File "C:\Users\marct\Documents\interactive-tv-wall\src\tvwall\rendering\output_renderer.py", line 75, in render
    program["u_tv_count"] = safe_count
    ~~~~~~~^^^^^^^^^^^^^^
  File "C:\Users\marct\Documents\interactive-tv-wall\.venv\Lib\site-packages\moderngl\__init__.py", line 415, in __setitem__
    self._members[key].value = value
    ~~~~~~~~~~~~~^^^^^
KeyError: 'u_tv_count'
2026-05-14 00:13:52,432 ERROR tvwall.window: Draw failed
Traceback (most recent call last):
  File "C:\Users\marct\Documents\interactive-tv-wall\src\tvwall\app\window.py", line 62, in on_draw
    self.output_renderer.ensure_source(state, self.source_service)
    ^^^^^^^^^^^^^^^^^^^^^^^^^^^^^^^^^^^^^^^^^^^^^^^^^^^^^^
  File "C:\Users\marct\Documents\interactive-tv-wall\src\tvwall\rendering\output_renderer.py", line 75, in render
    program["u_tv_count"] = safe_count
    ~~~~~~~^^^^^^^^^^^^^^
  File "C:\Users\marct\Documents\interactive-tv-wall\.venv\Lib\site-packages\moderngl\__init__.py", line 415, in __setitem__
    self._members[key].value = value
    ~~~~~~~~~~~~~^^^^^
KeyError: 'u_tv_count'
2026-05-14 00:13:52,491 ERROR tvwall.window: Draw failed
Traceback (most recent call last):
  File "C:\Users\marct\Documents\interactive-tv-wall\src\tvwall\app\window.py", line 62, in on_draw
    self.output_renderer.ensure_source(state, self.source_service)
    ^^^^^^^^^^^^^^^^^^^^^^^^^^^^^^^^^^^^^^^^^^^^^^^^^^^^^^
  File "C:\Users\marct\Documents\interactive-tv-wall\src\tvwall\rendering\output_renderer.py", line 75, in render
    program["u_tv_count"] = safe_count
    ~~~~~~~^^^^^^^^^^^^^^
  File "C:\Users\marct\Documents\interactive-tv-wall\.venv\Lib\site-packages\moderngl\__init__.py", line 415, in __setitem__
    self._members[key].value = value
    ~~~~~~~~~~~~~^^^^^
KeyError: 'u_tv_count'
2026-05-14 00:13:52,544 ERROR tvwall.window: Draw failed
Traceback (most recent call last):
  File "C:\Users\marct\Documents\interactive-tv-wall\src\tvwall\app\window.py", line 62, in on_draw
    self.output_renderer.ensure_source(state, self.source_service)
    ^^^^^^^^^^^^^^^^^^^^^^^^^^^^^^^^^^^^^^^^^^^^^^^^^^^^^^
  File "C:\Users\marct\Documents\interactive-tv-wall\src\tvwall\rendering\output_renderer.py", line 75, in render
    program["u_tv_count"] = safe_count
    ~~~~~~~^^^^^^^^^^^^^^
  File "C:\Users\marct\Documents\interactive-tv-wall\.venv\Lib\site-packages\moderngl\__init__.py", line 415, in __setitem__
    self._members[key].value = value
    ~~~~~~~~~~~~~^^^^^
KeyError: 'u_tv_count'
2026-05-14 00:13:52,603 ERROR tvwall.window: Draw failed
Traceback (most recent call last):
  File "C:\Users\marct\Documents\interactive-tv-wall\src\tvwall\app\window.py", line 62, in on_draw
    self.output_renderer.ensure_source(state, self.source_service)
    ^^^^^^^^^^^^^^^^^^^^^^^^^^^^^^^^^^^^^^^^^^^^^^^^^^^^^^
  File "C:\Users\marct\Documents\interactive-tv-wall\src\tvwall\rendering\output_renderer.py", line 75, in render
    program["u_tv_count"] = safe_count
    ~~~~~~~^^^^^^^^^^^^^^
  File "C:\Users\marct\Documents\interactive-tv-wall\.venv\Lib\site-packages\moderngl\__init__.py", line 415, in __setitem__
    self._members[key].value = value
    ~~~~~~~~~~~~~^^^^^
KeyError: 'u_tv_count'
2026-05-14 00:13:52,663 ERROR tvwall.window: Draw failed
Traceback (most recent call last):
  File "C:\Users\marct\Documents\interactive-tv-wall\src\tvwall\app\window.py", line 62, in on_draw
    self.output_renderer.ensure_source(state, self.source_service)
    ^^^^^^^^^^^^^^^^^^^^^^^^^^^^^^^^^^^^^^^^^^^^^^^^^^^^^^
  File "C:\Users\marct\Documents\interactive-tv-wall\src\tvwall\rendering\output_renderer.py", line 75, in render
    program["u_tv_count"] = safe_count
    ~~~~~~~^^^^^^^^^^^^^^
  File "C:\Users\marct\Documents\interactive-tv-wall\.venv\Lib\site-packages\moderngl\__init__.py", line 415, in __setitem__
    self._members[key].value = value
    ~~~~~~~~~~~~~^^^^^
KeyError: 'u_tv_count'
2026-05-14 00:13:52,719 ERROR tvwall.window: Draw failed
Traceback (most recent call last):
  File "C:\Users\marct\Documents\interactive-tv-wall\src\tvwall\app\window.py", line 62, in on_draw
    self.output_renderer.ensure_source(state, self.source_service)
    ^^^^^^^^^^^^^^^^^^^^^^^^^^^^^^^^^^^^^^^^^^^^^^^^^^^^^^
  File "C:\Users\marct\Documents\interactive-tv-wall\src\tvwall\rendering\output_renderer.py", line 75, in render
    program["u_tv_count"] = safe_count
    ~~~~~~~^^^^^^^^^^^^^^
  File "C:\Users\marct\Documents\interactive-tv-wall\.venv\Lib\site-packages\moderngl\__init__.py", line 415, in __setitem__
    self._members[key].value = value
    ~~~~~~~~~~~~~^^^^^
KeyError: 'u_tv_count'
2026-05-14 00:13:52,940 ERROR tvwall.window: Draw failed
Traceback (most recent call last):
  File "C:\Users\marct\Documents\interactive-tv-wall\src\tvwall\app\window.py", line 62, in on_draw
    self.output_renderer.ensure_source(state, self.source_service)
    ^^^^^^^^^^^^^^^^^^^^^^^^^^^^^^^^^^^^^^^^^^^^^^^^^^^^^^
  File "C:\Users\marct\Documents\interactive-tv-wall\src\tvwall\rendering\output_renderer.py", line 75, in render
    program["u_tv_count"] = safe_count
    ~~~~~~~^^^^^^^^^^^^^^
  File "C:\Users\marct\Documents\interactive-tv-wall\.venv\Lib\site-packages\moderngl\__init__.py", line 415, in __setitem__
    self._members[key].value = value
    ~~~~~~~~~~~~~^^^^^
KeyError: 'u_tv_count'
2026-05-14 00:13:53,014 ERROR tvwall.window: Draw failed
Traceback (most recent call last):
  File "C:\Users\marct\Documents\interactive-tv-wall\src\tvwall\app\window.py", line 62, in on_draw
    self.output_renderer.ensure_source(state, self.source_service)
    ^^^^^^^^^^^^^^^^^^^^^^^^^^^^^^^^^^^^^^^^^^^^^^^^^^^^^^
  File "C:\Users\marct\Documents\interactive-tv-wall\src\tvwall\rendering\output_renderer.py", line 75, in render
    program["u_tv_count"] = safe_count
    ~~~~~~~^^^^^^^^^^^^^^
  File "C:\Users\marct\Documents\interactive-tv-wall\.venv\Lib\site-packages\moderngl\__init__.py", line 415, in __setitem__
    self._members[key].value = value
    ~~~~~~~~~~~~~^^^^^
KeyError: 'u_tv_count'
2026-05-14 00:13:53,095 ERROR tvwall.window: Draw failed
Traceback (most recent call last):
  File "C:\Users\marct\Documents\interactive-tv-wall\src\tvwall\app\window.py", line 62, in on_draw
    self.output_renderer.ensure_source(state, self.source_service)
    ^^^^^^^^^^^^^^^^^^^^^^^^^^^^^^^^^^^^^^^^^^^^^^^^^^^^^^
  File "C:\Users\marct\Documents\interactive-tv-wall\src\tvwall\rendering\output_renderer.py", line 75, in render
    program["u_tv_count"] = safe_count
    ~~~~~~~^^^^^^^^^^^^^^
  File "C:\Users\marct\Documents\interactive-tv-wall\.venv\Lib\site-packages\moderngl\__init__.py", line 415, in __setitem__
    self._members[key].value = value
    ~~~~~~~~~~~~~^^^^^
KeyError: 'u_tv_count'
2026-05-14 00:13:53,183 ERROR tvwall.window: Draw failed
Traceback (most recent call last):
  File "C:\Users\marct\Documents\interactive-tv-wall\src\tvwall\app\window.py", line 62, in on_draw
    self.output_renderer.ensure_source(state, self.source_service)
    ^^^^^^^^^^^^^^^^^^^^^^^^^^^^^^^^^^^^^^^^^^^^^^^^^^^^^^
  File "C:\Users\marct\Documents\interactive-tv-wall\src\tvwall\rendering\output_renderer.py", line 75, in render
    program["u_tv_count"] = safe_count
    ~~~~~~~^^^^^^^^^^^^^^
  File "C:\Users\marct\Documents\interactive-tv-wall\.venv\Lib\site-packages\moderngl\__init__.py", line 415, in __setitem__
    self._members[key].value = value
    ~~~~~~~~~~~~~^^^^^
KeyError: 'u_tv_count'
2026-05-14 00:13:53,254 ERROR tvwall.window: Draw failed
Traceback (most recent call last):
  File "C:\Users\marct\Documents\interactive-tv-wall\src\tvwall\app\window.py", line 62, in on_draw
    self.output_renderer.ensure_source(state, self.source_service)
    ^^^^^^^^^^^^^^^^^^^^^^^^^^^^^^^^^^^^^^^^^^^^^^^^^^^^^^
  File "C:\Users\marct\Documents\interactive-tv-wall\src\tvwall\rendering\output_renderer.py", line 75, in render
    program["u_tv_count"] = safe_count
    ~~~~~~~^^^^^^^^^^^^^^
  File "C:\Users\marct\Documents\interactive-tv-wall\.venv\Lib\site-packages\moderngl\__init__.py", line 415, in __setitem__
    self._members[key].value = value
    ~~~~~~~~~~~~~^^^^^
KeyError: 'u_tv_count'
2026-05-14 00:13:53,330 ERROR tvwall.window: Draw failed
Traceback (most recent call last):
  File "C:\Users\marct\Documents\interactive-tv-wall\src\tvwall\app\window.py", line 62, in on_draw
    self.output_renderer.ensure_source(state, self.source_service)
    ^^^^^^^^^^^^^^^^^^^^^^^^^^^^^^^^^^^^^^^^^^^^^^^^^^^^^^
  File "C:\Users\marct\Documents\interactive-tv-wall\src\tvwall\rendering\output_renderer.py", line 75, in render
    program["u_tv_count"] = safe_count
    ~~~~~~~^^^^^^^^^^^^^^
  File "C:\Users\marct\Documents\interactive-tv-wall\.venv\Lib\site-packages\moderngl\__init__.py", line 415, in __setitem__
    self._members[key].value = value
    ~~~~~~~~~~~~~^^^^^
KeyError: 'u_tv_count'
2026-05-14 00:13:53,404 ERROR tvwall.window: Draw failed
Traceback (most recent call last):
  File "C:\Users\marct\Documents\interactive-tv-wall\src\tvwall\app\window.py", line 62, in on_draw
    self.output_renderer.ensure_source(state, self.source_service)
    ^^^^^^^^^^^^^^^^^^^^^^^^^^^^^^^^^^^^^^^^^^^^^^^^^^^^^^
  File "C:\Users\marct\Documents\interactive-tv-wall\src\tvwall\rendering\output_renderer.py", line 75, in render
    program["u_tv_count"] = safe_count
    ~~~~~~~^^^^^^^^^^^^^^
  File "C:\Users\marct\Documents\interactive-tv-wall\.venv\Lib\site-packages\moderngl\__init__.py", line 415, in __setitem__
    self._members[key].value = value
    ~~~~~~~~~~~~~^^^^^
KeyError: 'u_tv_count'
2026-05-14 00:13:53,490 ERROR tvwall.window: Draw failed
Traceback (most recent call last):
  File "C:\Users\marct\Documents\interactive-tv-wall\src\tvwall\app\window.py", line 62, in on_draw
    self.output_renderer.ensure_source(state, self.source_service)
    ^^^^^^^^^^^^^^^^^^^^^^^^^^^^^^^^^^^^^^^^^^^^^^^^^^^^^^
  File "C:\Users\marct\Documents\interactive-tv-wall\src\tvwall\rendering\output_renderer.py", line 75, in render
    program["u_tv_count"] = safe_count
    ~~~~~~~^^^^^^^^^^^^^^
  File "C:\Users\marct\Documents\interactive-tv-wall\.venv\Lib\site-packages\moderngl\__init__.py", line 415, in __setitem__
    self._members[key].value = value
    ~~~~~~~~~~~~~^^^^^
KeyError: 'u_tv_count'
2026-05-14 00:13:53,560 ERROR tvwall.window: Draw failed
Traceback (most recent call last):
  File "C:\Users\marct\Documents\interactive-tv-wall\src\tvwall\app\window.py", line 62, in on_draw
    self.output_renderer.ensure_source(state, self.source_service)
    ^^^^^^^^^^^^^^^^^^^^^^^^^^^^^^^^^^^^^^^^^^^^^^^^^^^^^^
  File "C:\Users\marct\Documents\interactive-tv-wall\src\tvwall\rendering\output_renderer.py", line 75, in render
    program["u_tv_count"] = safe_count
    ~~~~~~~^^^^^^^^^^^^^^
  File "C:\Users\marct\Documents\interactive-tv-wall\.venv\Lib\site-packages\moderngl\__init__.py", line 415, in __setitem__
    self._members[key].value = value
    ~~~~~~~~~~~~~^^^^^
KeyError: 'u_tv_count'
2026-05-14 00:13:53,623 ERROR tvwall.window: Draw failed
Traceback (most recent call last):
  File "C:\Users\marct\Documents\interactive-tv-wall\src\tvwall\app\window.py", line 62, in on_draw
    self.output_renderer.ensure_source(state, self.source_service)
    ^^^^^^^^^^^^^^^^^^^^^^^^^^^^^^^^^^^^^^^^^^^^^^^^^^^^^^
  File "C:\Users\marct\Documents\interactive-tv-wall\src\tvwall\rendering\output_renderer.py", line 75, in render
    program["u_tv_count"] = safe_count
    ~~~~~~~^^^^^^^^^^^^^^
  File "C:\Users\marct\Documents\interactive-tv-wall\.venv\Lib\site-packages\moderngl\__init__.py", line 415, in __setitem__
    self._members[key].value = value
    ~~~~~~~~~~~~~^^^^^
KeyError: 'u_tv_count'
2026-05-14 00:13:53,685 ERROR tvwall.window: Draw failed
Traceback (most recent call last):
  File "C:\Users\marct\Documents\interactive-tv-wall\src\tvwall\app\window.py", line 62, in on_draw
    self.output_renderer.ensure_source(state, self.source_service)
    ^^^^^^^^^^^^^^^^^^^^^^^^^^^^^^^^^^^^^^^^^^^^^^^^^^^^^^
  File "C:\Users\marct\Documents\interactive-tv-wall\src\tvwall\rendering\output_renderer.py", line 75, in render
    program["u_tv_count"] = safe_count
    ~~~~~~~^^^^^^^^^^^^^^
  File "C:\Users\marct\Documents\interactive-tv-wall\.venv\Lib\site-packages\moderngl\__init__.py", line 415, in __setitem__
    self._members[key].value = value
    ~~~~~~~~~~~~~^^^^^
KeyError: 'u_tv_count'
2026-05-14 00:13:53,741 ERROR tvwall.window: Draw failed
Traceback (most recent call last):
  File "C:\Users\marct\Documents\interactive-tv-wall\src\tvwall\app\window.py", line 62, in on_draw
    self.output_renderer.ensure_source(state, self.source_service)
    ^^^^^^^^^^^^^^^^^^^^^^^^^^^^^^^^^^^^^^^^^^^^^^^^^^^^^^
  File "C:\Users\marct\Documents\interactive-tv-wall\src\tvwall\rendering\output_renderer.py", line 75, in render
    program["u_tv_count"] = safe_count
    ~~~~~~~^^^^^^^^^^^^^^
  File "C:\Users\marct\Documents\interactive-tv-wall\.venv\Lib\site-packages\moderngl\__init__.py", line 415, in __setitem__
    self._members[key].value = value
    ~~~~~~~~~~~~~^^^^^
KeyError: 'u_tv_count'
2026-05-14 00:13:53,811 ERROR tvwall.window: Draw failed
Traceback (most recent call last):
  File "C:\Users\marct\Documents\interactive-tv-wall\src\tvwall\app\window.py", line 62, in on_draw
    self.output_renderer.ensure_source(state, self.source_service)
    ^^^^^^^^^^^^^^^^^^^^^^^^^^^^^^^^^^^^^^^^^^^^^^^^^^^^^^
  File "C:\Users\marct\Documents\interactive-tv-wall\src\tvwall\rendering\output_renderer.py", line 75, in render
    program["u_tv_count"] = safe_count
    ~~~~~~~^^^^^^^^^^^^^^
  File "C:\Users\marct\Documents\interactive-tv-wall\.venv\Lib\site-packages\moderngl\__init__.py", line 415, in __setitem__
    self._members[key].value = value
    ~~~~~~~~~~~~~^^^^^
KeyError: 'u_tv_count'
2026-05-14 00:13:53,872 ERROR tvwall.window: Draw failed
Traceback (most recent call last):
  File "C:\Users\marct\Documents\interactive-tv-wall\src\tvwall\app\window.py", line 62, in on_draw
    self.output_renderer.ensure_source(state, self.source_service)
    ^^^^^^^^^^^^^^^^^^^^^^^^^^^^^^^^^^^^^^^^^^^^^^^^^^^^^^
  File "C:\Users\marct\Documents\interactive-tv-wall\src\tvwall\rendering\output_renderer.py", line 75, in render
    program["u_tv_count"] = safe_count
    ~~~~~~~^^^^^^^^^^^^^^
  File "C:\Users\marct\Documents\interactive-tv-wall\.venv\Lib\site-packages\moderngl\__init__.py", line 415, in __setitem__
    self._members[key].value = value
    ~~~~~~~~~~~~~^^^^^
KeyError: 'u_tv_count'
2026-05-14 00:13:53,934 ERROR tvwall.window: Draw failed
Traceback (most recent call last):
  File "C:\Users\marct\Documents\interactive-tv-wall\src\tvwall\app\window.py", line 62, in on_draw
    self.output_renderer.ensure_source(state, self.source_service)
    ^^^^^^^^^^^^^^^^^^^^^^^^^^^^^^^^^^^^^^^^^^^^^^^^^^^^^^
  File "C:\Users\marct\Documents\interactive-tv-wall\src\tvwall\rendering\output_renderer.py", line 75, in render
    program["u_tv_count"] = safe_count
    ~~~~~~~^^^^^^^^^^^^^^
  File "C:\Users\marct\Documents\interactive-tv-wall\.venv\Lib\site-packages\moderngl\__init__.py", line 415, in __setitem__
    self._members[key].value = value
    ~~~~~~~~~~~~~^^^^^
KeyError: 'u_tv_count'
2026-05-14 00:13:53,993 ERROR tvwall.window: Draw failed
Traceback (most recent call last):
  File "C:\Users\marct\Documents\interactive-tv-wall\src\tvwall\app\window.py", line 62, in on_draw
    self.output_renderer.ensure_source(state, self.source_service)
    ^^^^^^^^^^^^^^^^^^^^^^^^^^^^^^^^^^^^^^^^^^^^^^^^^^^^^^
  File "C:\Users\marct\Documents\interactive-tv-wall\src\tvwall\rendering\output_renderer.py", line 75, in render
    program["u_tv_count"] = safe_count
    ~~~~~~~^^^^^^^^^^^^^^
  File "C:\Users\marct\Documents\interactive-tv-wall\.venv\Lib\site-packages\moderngl\__init__.py", line 415, in __setitem__
    self._members[key].value = value
    ~~~~~~~~~~~~~^^^^^
KeyError: 'u_tv_count'
2026-05-14 00:13:54,054 ERROR tvwall.window: Draw failed
Traceback (most recent call last):
  File "C:\Users\marct\Documents\interactive-tv-wall\src\tvwall\app\window.py", line 62, in on_draw
    self.output_renderer.ensure_source(state, self.source_service)
    ^^^^^^^^^^^^^^^^^^^^^^^^^^^^^^^^^^^^^^^^^^^^^^^^^^^^^^
  File "C:\Users\marct\Documents\interactive-tv-wall\src\tvwall\rendering\output_renderer.py", line 75, in render
    program["u_tv_count"] = safe_count
    ~~~~~~~^^^^^^^^^^^^^^
  File "C:\Users\marct\Documents\interactive-tv-wall\.venv\Lib\site-packages\moderngl\__init__.py", line 415, in __setitem__
    self._members[key].value = value
    ~~~~~~~~~~~~~^^^^^
KeyError: 'u_tv_count'
2026-05-14 00:13:54,116 ERROR tvwall.window: Draw failed
Traceback (most recent call last):
  File "C:\Users\marct\Documents\interactive-tv-wall\src\tvwall\app\window.py", line 62, in on_draw
    self.output_renderer.ensure_source(state, self.source_service)
    ^^^^^^^^^^^^^^^^^^^^^^^^^^^^^^^^^^^^^^^^^^^^^^^^^^^^^^
  File "C:\Users\marct\Documents\interactive-tv-wall\src\tvwall\rendering\output_renderer.py", line 75, in render
    program["u_tv_count"] = safe_count
    ~~~~~~~^^^^^^^^^^^^^^
  File "C:\Users\marct\Documents\interactive-tv-wall\.venv\Lib\site-packages\moderngl\__init__.py", line 415, in __setitem__
    self._members[key].value = value
    ~~~~~~~~~~~~~^^^^^
KeyError: 'u_tv_count'
2026-05-14 00:13:54,175 ERROR tvwall.window: Draw failed
Traceback (most recent call last):
  File "C:\Users\marct\Documents\interactive-tv-wall\src\tvwall\app\window.py", line 62, in on_draw
    self.output_renderer.ensure_source(state, self.source_service)
    ^^^^^^^^^^^^^^^^^^^^^^^^^^^^^^^^^^^^^^^^^^^^^^^^^^^^^^
  File "C:\Users\marct\Documents\interactive-tv-wall\src\tvwall\rendering\output_renderer.py", line 75, in render
    program["u_tv_count"] = safe_count
    ~~~~~~~^^^^^^^^^^^^^^
  File "C:\Users\marct\Documents\interactive-tv-wall\.venv\Lib\site-packages\moderngl\__init__.py", line 415, in __setitem__
    self._members[key].value = value
    ~~~~~~~~~~~~~^^^^^
KeyError: 'u_tv_count'
2026-05-14 00:13:54,257 ERROR tvwall.window: Draw failed
Traceback (most recent call last):
  File "C:\Users\marct\Documents\interactive-tv-wall\src\tvwall\app\window.py", line 62, in on_draw
    self.output_renderer.ensure_source(state, self.source_service)
    ^^^^^^^^^^^^^^^^^^^^^^^^^^^^^^^^^^^^^^^^^^^^^^^^^^^^^^
  File "C:\Users\marct\Documents\interactive-tv-wall\src\tvwall\rendering\output_renderer.py", line 75, in render
    program["u_tv_count"] = safe_count
    ~~~~~~~^^^^^^^^^^^^^^
  File "C:\Users\marct\Documents\interactive-tv-wall\.venv\Lib\site-packages\moderngl\__init__.py", line 415, in __setitem__
    self._members[key].value = value
    ~~~~~~~~~~~~~^^^^^
KeyError: 'u_tv_count'
2026-05-14 00:13:54,357 ERROR tvwall.window: Draw failed
Traceback (most recent call last):
  File "C:\Users\marct\Documents\interactive-tv-wall\src\tvwall\app\window.py", line 62, in on_draw
    self.output_renderer.ensure_source(state, self.source_service)
    ^^^^^^^^^^^^^^^^^^^^^^^^^^^^^^^^^^^^^^^^^^^^^^^^^^^^^^
  File "C:\Users\marct\Documents\interactive-tv-wall\src\tvwall\rendering\output_renderer.py", line 75, in render
    program["u_tv_count"] = safe_count
    ~~~~~~~^^^^^^^^^^^^^^
  File "C:\Users\marct\Documents\interactive-tv-wall\.venv\Lib\site-packages\moderngl\__init__.py", line 415, in __setitem__
    self._members[key].value = value
    ~~~~~~~~~~~~~^^^^^
KeyError: 'u_tv_count'
2026-05-14 00:13:54,422 ERROR tvwall.window: Draw failed
Traceback (most recent call last):
  File "C:\Users\marct\Documents\interactive-tv-wall\src\tvwall\app\window.py", line 62, in on_draw
    self.output_renderer.ensure_source(state, self.source_service)
    ^^^^^^^^^^^^^^^^^^^^^^^^^^^^^^^^^^^^^^^^^^^^^^^^^^^^^^
  File "C:\Users\marct\Documents\interactive-tv-wall\src\tvwall\rendering\output_renderer.py", line 75, in render
    program["u_tv_count"] = safe_count
    ~~~~~~~^^^^^^^^^^^^^^
  File "C:\Users\marct\Documents\interactive-tv-wall\.venv\Lib\site-packages\moderngl\__init__.py", line 415, in __setitem__
    self._members[key].value = value
    ~~~~~~~~~~~~~^^^^^
KeyError: 'u_tv_count'
2026-05-14 00:13:54,484 ERROR tvwall.window: Draw failed
Traceback (most recent call last):
  File "C:\Users\marct\Documents\interactive-tv-wall\src\tvwall\app\window.py", line 62, in on_draw
    self.output_renderer.ensure_source(state, self.source_service)
    ^^^^^^^^^^^^^^^^^^^^^^^^^^^^^^^^^^^^^^^^^^^^^^^^^^^^^^
  File "C:\Users\marct\Documents\interactive-tv-wall\src\tvwall\rendering\output_renderer.py", line 75, in render
    program["u_tv_count"] = safe_count
    ~~~~~~~^^^^^^^^^^^^^^
  File "C:\Users\marct\Documents\interactive-tv-wall\.venv\Lib\site-packages\moderngl\__init__.py", line 415, in __setitem__
    self._members[key].value = value
    ~~~~~~~~~~~~~^^^^^
KeyError: 'u_tv_count'
2026-05-14 00:13:54,538 ERROR tvwall.window: Draw failed
Traceback (most recent call last):
  File "C:\Users\marct\Documents\interactive-tv-wall\src\tvwall\app\window.py", line 62, in on_draw
    self.output_renderer.ensure_source(state, self.source_service)
    ^^^^^^^^^^^^^^^^^^^^^^^^^^^^^^^^^^^^^^^^^^^^^^^^^^^^^^
  File "C:\Users\marct\Documents\interactive-tv-wall\src\tvwall\rendering\output_renderer.py", line 75, in render
    program["u_tv_count"] = safe_count
    ~~~~~~~^^^^^^^^^^^^^^
  File "C:\Users\marct\Documents\interactive-tv-wall\.venv\Lib\site-packages\moderngl\__init__.py", line 415, in __setitem__
    self._members[key].value = value
    ~~~~~~~~~~~~~^^^^^
KeyError: 'u_tv_count'
2026-05-14 00:13:54,597 ERROR tvwall.window: Draw failed
Traceback (most recent call last):
  File "C:\Users\marct\Documents\interactive-tv-wall\src\tvwall\app\window.py", line 62, in on_draw
    self.output_renderer.ensure_source(state, self.source_service)
    ^^^^^^^^^^^^^^^^^^^^^^^^^^^^^^^^^^^^^^^^^^^^^^^^^^^^^^
  File "C:\Users\marct\Documents\interactive-tv-wall\src\tvwall\rendering\output_renderer.py", line 75, in render
    program["u_tv_count"] = safe_count
    ~~~~~~~^^^^^^^^^^^^^^
  File "C:\Users\marct\Documents\interactive-tv-wall\.venv\Lib\site-packages\moderngl\__init__.py", line 415, in __setitem__
    self._members[key].value = value
    ~~~~~~~~~~~~~^^^^^
KeyError: 'u_tv_count'
2026-05-14 00:13:54,651 ERROR tvwall.window: Draw failed
Traceback (most recent call last):
  File "C:\Users\marct\Documents\interactive-tv-wall\src\tvwall\app\window.py", line 62, in on_draw
    self.output_renderer.ensure_source(state, self.source_service)
    ^^^^^^^^^^^^^^^^^^^^^^^^^^^^^^^^^^^^^^^^^^^^^^^^^^^^^^
  File "C:\Users\marct\Documents\interactive-tv-wall\src\tvwall\rendering\output_renderer.py", line 75, in render
    program["u_tv_count"] = safe_count
    ~~~~~~~^^^^^^^^^^^^^^
  File "C:\Users\marct\Documents\interactive-tv-wall\.venv\Lib\site-packages\moderngl\__init__.py", line 415, in __setitem__
    self._members[key].value = value
    ~~~~~~~~~~~~~^^^^^
KeyError: 'u_tv_count'
2026-05-14 00:13:54,713 ERROR tvwall.window: Draw failed
Traceback (most recent call last):
  File "C:\Users\marct\Documents\interactive-tv-wall\src\tvwall\app\window.py", line 62, in on_draw
    self.output_renderer.ensure_source(state, self.source_service)
    ^^^^^^^^^^^^^^^^^^^^^^^^^^^^^^^^^^^^^^^^^^^^^^^^^^^^^^
  File "C:\Users\marct\Documents\interactive-tv-wall\src\tvwall\rendering\output_renderer.py", line 75, in render
    program["u_tv_count"] = safe_count
    ~~~~~~~^^^^^^^^^^^^^^
  File "C:\Users\marct\Documents\interactive-tv-wall\.venv\Lib\site-packages\moderngl\__init__.py", line 415, in __setitem__
    self._members[key].value = value
    ~~~~~~~~~~~~~^^^^^
KeyError: 'u_tv_count'
2026-05-14 00:13:54,771 ERROR tvwall.window: Draw failed
Traceback (most recent call last):
  File "C:\Users\marct\Documents\interactive-tv-wall\src\tvwall\app\window.py", line 62, in on_draw
    self.output_renderer.ensure_source(state, self.source_service)
    ^^^^^^^^^^^^^^^^^^^^^^^^^^^^^^^^^^^^^^^^^^^^^^^^^^^^^^
  File "C:\Users\marct\Documents\interactive-tv-wall\src\tvwall\rendering\output_renderer.py", line 75, in render
    program["u_tv_count"] = safe_count
    ~~~~~~~^^^^^^^^^^^^^^
  File "C:\Users\marct\Documents\interactive-tv-wall\.venv\Lib\site-packages\moderngl\__init__.py", line 415, in __setitem__
    self._members[key].value = value
    ~~~~~~~~~~~~~^^^^^
KeyError: 'u_tv_count'
2026-05-14 00:13:54,841 ERROR tvwall.window: Draw failed
Traceback (most recent call last):
  File "C:\Users\marct\Documents\interactive-tv-wall\src\tvwall\app\window.py", line 62, in on_draw
    self.output_renderer.ensure_source(state, self.source_service)
    ^^^^^^^^^^^^^^^^^^^^^^^^^^^^^^^^^^^^^^^^^^^^^^^^^^^^^^
  File "C:\Users\marct\Documents\interactive-tv-wall\src\tvwall\rendering\output_renderer.py", line 75, in render
    program["u_tv_count"] = safe_count
    ~~~~~~~^^^^^^^^^^^^^^
  File "C:\Users\marct\Documents\interactive-tv-wall\.venv\Lib\site-packages\moderngl\__init__.py", line 415, in __setitem__
    self._members[key].value = value
    ~~~~~~~~~~~~~^^^^^
KeyError: 'u_tv_count'
2026-05-14 00:13:54,907 ERROR tvwall.window: Draw failed
Traceback (most recent call last):
  File "C:\Users\marct\Documents\interactive-tv-wall\src\tvwall\app\window.py", line 62, in on_draw
    self.output_renderer.ensure_source(state, self.source_service)
    ^^^^^^^^^^^^^^^^^^^^^^^^^^^^^^^^^^^^^^^^^^^^^^^^^^^^^^
  File "C:\Users\marct\Documents\interactive-tv-wall\src\tvwall\rendering\output_renderer.py", line 75, in render
    program["u_tv_count"] = safe_count
    ~~~~~~~^^^^^^^^^^^^^^
  File "C:\Users\marct\Documents\interactive-tv-wall\.venv\Lib\site-packages\moderngl\__init__.py", line 415, in __setitem__
    self._members[key].value = value
    ~~~~~~~~~~~~~^^^^^
KeyError: 'u_tv_count'
2026-05-14 00:13:54,965 ERROR tvwall.window: Draw failed
Traceback (most recent call last):
  File "C:\Users\marct\Documents\interactive-tv-wall\src\tvwall\app\window.py", line 62, in on_draw
    self.output_renderer.ensure_source(state, self.source_service)
    ^^^^^^^^^^^^^^^^^^^^^^^^^^^^^^^^^^^^^^^^^^^^^^^^^^^^^^
  File "C:\Users\marct\Documents\interactive-tv-wall\src\tvwall\rendering\output_renderer.py", line 75, in render
    program["u_tv_count"] = safe_count
    ~~~~~~~^^^^^^^^^^^^^^
  File "C:\Users\marct\Documents\interactive-tv-wall\.venv\Lib\site-packages\moderngl\__init__.py", line 415, in __setitem__
    self._members[key].value = value
    ~~~~~~~~~~~~~^^^^^
KeyError: 'u_tv_count'
2026-05-14 00:13:55,034 ERROR tvwall.window: Draw failed
Traceback (most recent call last):
  File "C:\Users\marct\Documents\interactive-tv-wall\src\tvwall\app\window.py", line 62, in on_draw
    self.output_renderer.ensure_source(state, self.source_service)
    ^^^^^^^^^^^^^^^^^^^^^^^^^^^^^^^^^^^^^^^^^^^^^^^^^^^^^^
  File "C:\Users\marct\Documents\interactive-tv-wall\src\tvwall\rendering\output_renderer.py", line 75, in render
    program["u_tv_count"] = safe_count
    ~~~~~~~^^^^^^^^^^^^^^
  File "C:\Users\marct\Documents\interactive-tv-wall\.venv\Lib\site-packages\moderngl\__init__.py", line 415, in __setitem__
    self._members[key].value = value
    ~~~~~~~~~~~~~^^^^^
KeyError: 'u_tv_count'
2026-05-14 00:13:55,089 ERROR tvwall.window: Draw failed
Traceback (most recent call last):
  File "C:\Users\marct\Documents\interactive-tv-wall\src\tvwall\app\window.py", line 62, in on_draw
    self.output_renderer.ensure_source(state, self.source_service)
    ^^^^^^^^^^^^^^^^^^^^^^^^^^^^^^^^^^^^^^^^^^^^^^^^^^^^^^
  File "C:\Users\marct\Documents\interactive-tv-wall\src\tvwall\rendering\output_renderer.py", line 75, in render
    program["u_tv_count"] = safe_count
    ~~~~~~~^^^^^^^^^^^^^^
  File "C:\Users\marct\Documents\interactive-tv-wall\.venv\Lib\site-packages\moderngl\__init__.py", line 415, in __setitem__
    self._members[key].value = value
    ~~~~~~~~~~~~~^^^^^
KeyError: 'u_tv_count'
2026-05-14 00:13:55,154 ERROR tvwall.window: Draw failed
Traceback (most recent call last):
  File "C:\Users\marct\Documents\interactive-tv-wall\src\tvwall\app\window.py", line 62, in on_draw
    self.output_renderer.ensure_source(state, self.source_service)
    ^^^^^^^^^^^^^^^^^^^^^^^^^^^^^^^^^^^^^^^^^^^^^^^^^^^^^^
  File "C:\Users\marct\Documents\interactive-tv-wall\src\tvwall\rendering\output_renderer.py", line 75, in render
    program["u_tv_count"] = safe_count
    ~~~~~~~^^^^^^^^^^^^^^
  File "C:\Users\marct\Documents\interactive-tv-wall\.venv\Lib\site-packages\moderngl\__init__.py", line 415, in __setitem__
    self._members[key].value = value
    ~~~~~~~~~~~~~^^^^^
KeyError: 'u_tv_count'
2026-05-14 00:13:55,208 ERROR tvwall.window: Draw failed
Traceback (most recent call last):
  File "C:\Users\marct\Documents\interactive-tv-wall\src\tvwall\app\window.py", line 62, in on_draw
    self.output_renderer.ensure_source(state, self.source_service)
    ^^^^^^^^^^^^^^^^^^^^^^^^^^^^^^^^^^^^^^^^^^^^^^^^^^^^^^
  File "C:\Users\marct\Documents\interactive-tv-wall\src\tvwall\rendering\output_renderer.py", line 75, in render
    program["u_tv_count"] = safe_count
    ~~~~~~~^^^^^^^^^^^^^^
  File "C:\Users\marct\Documents\interactive-tv-wall\.venv\Lib\site-packages\moderngl\__init__.py", line 415, in __setitem__
    self._members[key].value = value
    ~~~~~~~~~~~~~^^^^^
KeyError: 'u_tv_count'
2026-05-14 00:13:55,284 ERROR tvwall.window: Draw failed
Traceback (most recent call last):
  File "C:\Users\marct\Documents\interactive-tv-wall\src\tvwall\app\window.py", line 62, in on_draw
    self.output_renderer.ensure_source(state, self.source_service)
    ^^^^^^^^^^^^^^^^^^^^^^^^^^^^^^^^^^^^^^^^^^^^^^^^^^^^^^
  File "C:\Users\marct\Documents\interactive-tv-wall\src\tvwall\rendering\output_renderer.py", line 75, in render
    program["u_tv_count"] = safe_count
    ~~~~~~~^^^^^^^^^^^^^^
  File "C:\Users\marct\Documents\interactive-tv-wall\.venv\Lib\site-packages\moderngl\__init__.py", line 415, in __setitem__
    self._members[key].value = value
    ~~~~~~~~~~~~~^^^^^
KeyError: 'u_tv_count'
2026-05-14 00:13:55,341 ERROR tvwall.window: Draw failed
Traceback (most recent call last):
  File "C:\Users\marct\Documents\interactive-tv-wall\src\tvwall\app\window.py", line 62, in on_draw
    self.output_renderer.ensure_source(state, self.source_service)
    ^^^^^^^^^^^^^^^^^^^^^^^^^^^^^^^^^^^^^^^^^^^^^^^^^^^^^^
  File "C:\Users\marct\Documents\interactive-tv-wall\src\tvwall\rendering\output_renderer.py", line 75, in render
    program["u_tv_count"] = safe_count
    ~~~~~~~^^^^^^^^^^^^^^
  File "C:\Users\marct\Documents\interactive-tv-wall\.venv\Lib\site-packages\moderngl\__init__.py", line 415, in __setitem__
    self._members[key].value = value
    ~~~~~~~~~~~~~^^^^^
KeyError: 'u_tv_count'
2026-05-14 00:13:55,400 ERROR tvwall.window: Draw failed
Traceback (most recent call last):
  File "C:\Users\marct\Documents\interactive-tv-wall\src\tvwall\app\window.py", line 62, in on_draw
    self.output_renderer.ensure_source(state, self.source_service)
    ^^^^^^^^^^^^^^^^^^^^^^^^^^^^^^^^^^^^^^^^^^^^^^^^^^^^^^
  File "C:\Users\marct\Documents\interactive-tv-wall\src\tvwall\rendering\output_renderer.py", line 75, in render
    program["u_tv_count"] = safe_count
    ~~~~~~~^^^^^^^^^^^^^^
  File "C:\Users\marct\Documents\interactive-tv-wall\.venv\Lib\site-packages\moderngl\__init__.py", line 415, in __setitem__
    self._members[key].value = value
    ~~~~~~~~~~~~~^^^^^
KeyError: 'u_tv_count'
2026-05-14 00:13:55,464 ERROR tvwall.window: Draw failed
Traceback (most recent call last):
  File "C:\Users\marct\Documents\interactive-tv-wall\src\tvwall\app\window.py", line 62, in on_draw
    self.output_renderer.ensure_source(state, self.source_service)
    ^^^^^^^^^^^^^^^^^^^^^^^^^^^^^^^^^^^^^^^^^^^^^^^^^^^^^^
  File "C:\Users\marct\Documents\interactive-tv-wall\src\tvwall\rendering\output_renderer.py", line 75, in render
    program["u_tv_count"] = safe_count
    ~~~~~~~^^^^^^^^^^^^^^
  File "C:\Users\marct\Documents\interactive-tv-wall\.venv\Lib\site-packages\moderngl\__init__.py", line 415, in __setitem__
    self._members[key].value = value
    ~~~~~~~~~~~~~^^^^^
KeyError: 'u_tv_count'
2026-05-14 00:13:55,518 ERROR tvwall.window: Draw failed
Traceback (most recent call last):
  File "C:\Users\marct\Documents\interactive-tv-wall\src\tvwall\app\window.py", line 62, in on_draw
    self.output_renderer.ensure_source(state, self.source_service)
    ^^^^^^^^^^^^^^^^^^^^^^^^^^^^^^^^^^^^^^^^^^^^^^^^^^^^^^
  File "C:\Users\marct\Documents\interactive-tv-wall\src\tvwall\rendering\output_renderer.py", line 75, in render
    program["u_tv_count"] = safe_count
    ~~~~~~~^^^^^^^^^^^^^^
  File "C:\Users\marct\Documents\interactive-tv-wall\.venv\Lib\site-packages\moderngl\__init__.py", line 415, in __setitem__
    self._members[key].value = value
    ~~~~~~~~~~~~~^^^^^
KeyError: 'u_tv_count'
2026-05-14 00:13:55,573 ERROR tvwall.window: Draw failed
Traceback (most recent call last):
  File "C:\Users\marct\Documents\interactive-tv-wall\src\tvwall\app\window.py", line 62, in on_draw
    self.output_renderer.ensure_source(state, self.source_service)
    ^^^^^^^^^^^^^^^^^^^^^^^^^^^^^^^^^^^^^^^^^^^^^^^^^^^^^^
  File "C:\Users\marct\Documents\interactive-tv-wall\src\tvwall\rendering\output_renderer.py", line 75, in render
    program["u_tv_count"] = safe_count
    ~~~~~~~^^^^^^^^^^^^^^
  File "C:\Users\marct\Documents\interactive-tv-wall\.venv\Lib\site-packages\moderngl\__init__.py", line 415, in __setitem__
    self._members[key].value = value
    ~~~~~~~~~~~~~^^^^^
KeyError: 'u_tv_count'
2026-05-14 00:13:55,629 ERROR tvwall.window: Draw failed
Traceback (most recent call last):
  File "C:\Users\marct\Documents\interactive-tv-wall\src\tvwall\app\window.py", line 62, in on_draw
    self.output_renderer.ensure_source(state, self.source_service)
    ^^^^^^^^^^^^^^^^^^^^^^^^^^^^^^^^^^^^^^^^^^^^^^^^^^^^^^
  File "C:\Users\marct\Documents\interactive-tv-wall\src\tvwall\rendering\output_renderer.py", line 75, in render
    program["u_tv_count"] = safe_count
    ~~~~~~~^^^^^^^^^^^^^^
  File "C:\Users\marct\Documents\interactive-tv-wall\.venv\Lib\site-packages\moderngl\__init__.py", line 415, in __setitem__
    self._members[key].value = value
    ~~~~~~~~~~~~~^^^^^
KeyError: 'u_tv_count'
2026-05-14 00:13:55,693 ERROR tvwall.window: Draw failed
Traceback (most recent call last):
  File "C:\Users\marct\Documents\interactive-tv-wall\src\tvwall\app\window.py", line 62, in on_draw
    self.output_renderer.ensure_source(state, self.source_service)
    ^^^^^^^^^^^^^^^^^^^^^^^^^^^^^^^^^^^^^^^^^^^^^^^^^^^^^^
  File "C:\Users\marct\Documents\interactive-tv-wall\src\tvwall\rendering\output_renderer.py", line 75, in render
    program["u_tv_count"] = safe_count
    ~~~~~~~^^^^^^^^^^^^^^
  File "C:\Users\marct\Documents\interactive-tv-wall\.venv\Lib\site-packages\moderngl\__init__.py", line 415, in __setitem__
    self._members[key].value = value
    ~~~~~~~~~~~~~^^^^^
KeyError: 'u_tv_count'
2026-05-14 00:13:55,748 ERROR tvwall.window: Draw failed
Traceback (most recent call last):
  File "C:\Users\marct\Documents\interactive-tv-wall\src\tvwall\app\window.py", line 62, in on_draw
    self.output_renderer.ensure_source(state, self.source_service)
    ^^^^^^^^^^^^^^^^^^^^^^^^^^^^^^^^^^^^^^^^^^^^^^^^^^^^^^
  File "C:\Users\marct\Documents\interactive-tv-wall\src\tvwall\rendering\output_renderer.py", line 75, in render
    program["u_tv_count"] = safe_count
    ~~~~~~~^^^^^^^^^^^^^^
  File "C:\Users\marct\Documents\interactive-tv-wall\.venv\Lib\site-packages\moderngl\__init__.py", line 415, in __setitem__
    self._members[key].value = value
    ~~~~~~~~~~~~~^^^^^
KeyError: 'u_tv_count'
2026-05-14 00:13:55,806 ERROR tvwall.window: Draw failed
Traceback (most recent call last):
  File "C:\Users\marct\Documents\interactive-tv-wall\src\tvwall\app\window.py", line 62, in on_draw
    self.output_renderer.ensure_source(state, self.source_service)
    ^^^^^^^^^^^^^^^^^^^^^^^^^^^^^^^^^^^^^^^^^^^^^^^^^^^^^^
  File "C:\Users\marct\Documents\interactive-tv-wall\src\tvwall\rendering\output_renderer.py", line 75, in render
    program["u_tv_count"] = safe_count
    ~~~~~~~^^^^^^^^^^^^^^
  File "C:\Users\marct\Documents\interactive-tv-wall\.venv\Lib\site-packages\moderngl\__init__.py", line 415, in __setitem__
    self._members[key].value = value
    ~~~~~~~~~~~~~^^^^^
KeyError: 'u_tv_count'
2026-05-14 00:13:55,870 ERROR tvwall.window: Draw failed
Traceback (most recent call last):
  File "C:\Users\marct\Documents\interactive-tv-wall\src\tvwall\app\window.py", line 62, in on_draw
    self.output_renderer.ensure_source(state, self.source_service)
    ^^^^^^^^^^^^^^^^^^^^^^^^^^^^^^^^^^^^^^^^^^^^^^^^^^^^^^
  File "C:\Users\marct\Documents\interactive-tv-wall\src\tvwall\rendering\output_renderer.py", line 75, in render
    program["u_tv_count"] = safe_count
    ~~~~~~~^^^^^^^^^^^^^^
  File "C:\Users\marct\Documents\interactive-tv-wall\.venv\Lib\site-packages\moderngl\__init__.py", line 415, in __setitem__
    self._members[key].value = value
    ~~~~~~~~~~~~~^^^^^
KeyError: 'u_tv_count'
2026-05-14 00:13:55,962 ERROR tvwall.window: Draw failed
Traceback (most recent call last):
  File "C:\Users\marct\Documents\interactive-tv-wall\src\tvwall\app\window.py", line 62, in on_draw
    self.output_renderer.ensure_source(state, self.source_service)
    ^^^^^^^^^^^^^^^^^^^^^^^^^^^^^^^^^^^^^^^^^^^^^^^^^^^^^^
  File "C:\Users\marct\Documents\interactive-tv-wall\src\tvwall\rendering\output_renderer.py", line 75, in render
    program["u_tv_count"] = safe_count
    ~~~~~~~^^^^^^^^^^^^^^
  File "C:\Users\marct\Documents\interactive-tv-wall\.venv\Lib\site-packages\moderngl\__init__.py", line 415, in __setitem__
    self._members[key].value = value
    ~~~~~~~~~~~~~^^^^^
KeyError: 'u_tv_count'
2026-05-14 00:13:56,022 ERROR tvwall.window: Draw failed
Traceback (most recent call last):
  File "C:\Users\marct\Documents\interactive-tv-wall\src\tvwall\app\window.py", line 62, in on_draw
    self.output_renderer.ensure_source(state, self.source_service)
    ^^^^^^^^^^^^^^^^^^^^^^^^^^^^^^^^^^^^^^^^^^^^^^^^^^^^^^
  File "C:\Users\marct\Documents\interactive-tv-wall\src\tvwall\rendering\output_renderer.py", line 75, in render
    program["u_tv_count"] = safe_count
    ~~~~~~~^^^^^^^^^^^^^^
  File "C:\Users\marct\Documents\interactive-tv-wall\.venv\Lib\site-packages\moderngl\__init__.py", line 415, in __setitem__
    self._members[key].value = value
    ~~~~~~~~~~~~~^^^^^
KeyError: 'u_tv_count'
2026-05-14 00:13:56,077 ERROR tvwall.window: Draw failed
Traceback (most recent call last):
  File "C:\Users\marct\Documents\interactive-tv-wall\src\tvwall\app\window.py", line 62, in on_draw
    self.output_renderer.ensure_source(state, self.source_service)
    ^^^^^^^^^^^^^^^^^^^^^^^^^^^^^^^^^^^^^^^^^^^^^^^^^^^^^^
  File "C:\Users\marct\Documents\interactive-tv-wall\src\tvwall\rendering\output_renderer.py", line 75, in render
    program["u_tv_count"] = safe_count
    ~~~~~~~^^^^^^^^^^^^^^
  File "C:\Users\marct\Documents\interactive-tv-wall\.venv\Lib\site-packages\moderngl\__init__.py", line 415, in __setitem__
    self._members[key].value = value
    ~~~~~~~~~~~~~^^^^^
KeyError: 'u_tv_count'
2026-05-14 00:13:56,134 ERROR tvwall.window: Draw failed
Traceback (most recent call last):
  File "C:\Users\marct\Documents\interactive-tv-wall\src\tvwall\app\window.py", line 62, in on_draw
    self.output_renderer.ensure_source(state, self.source_service)
    ^^^^^^^^^^^^^^^^^^^^^^^^^^^^^^^^^^^^^^^^^^^^^^^^^^^^^^
  File "C:\Users\marct\Documents\interactive-tv-wall\src\tvwall\rendering\output_renderer.py", line 75, in render
    program["u_tv_count"] = safe_count
    ~~~~~~~^^^^^^^^^^^^^^
  File "C:\Users\marct\Documents\interactive-tv-wall\.venv\Lib\site-packages\moderngl\__init__.py", line 415, in __setitem__
    self._members[key].value = value
    ~~~~~~~~~~~~~^^^^^
KeyError: 'u_tv_count'
2026-05-14 00:13:56,193 ERROR tvwall.window: Draw failed
Traceback (most recent call last):
  File "C:\Users\marct\Documents\interactive-tv-wall\src\tvwall\app\window.py", line 62, in on_draw
    self.output_renderer.ensure_source(state, self.source_service)
    ^^^^^^^^^^^^^^^^^^^^^^^^^^^^^^^^^^^^^^^^^^^^^^^^^^^^^^
  File "C:\Users\marct\Documents\interactive-tv-wall\src\tvwall\rendering\output_renderer.py", line 75, in render
    program["u_tv_count"] = safe_count
    ~~~~~~~^^^^^^^^^^^^^^
  File "C:\Users\marct\Documents\interactive-tv-wall\.venv\Lib\site-packages\moderngl\__init__.py", line 415, in __setitem__
    self._members[key].value = value
    ~~~~~~~~~~~~~^^^^^
KeyError: 'u_tv_count'
2026-05-14 00:13:56,254 ERROR tvwall.window: Draw failed
Traceback (most recent call last):
  File "C:\Users\marct\Documents\interactive-tv-wall\src\tvwall\app\window.py", line 62, in on_draw
    self.output_renderer.ensure_source(state, self.source_service)
    ^^^^^^^^^^^^^^^^^^^^^^^^^^^^^^^^^^^^^^^^^^^^^^^^^^^^^^
  File "C:\Users\marct\Documents\interactive-tv-wall\src\tvwall\rendering\output_renderer.py", line 75, in render
    program["u_tv_count"] = safe_count
    ~~~~~~~^^^^^^^^^^^^^^
  File "C:\Users\marct\Documents\interactive-tv-wall\.venv\Lib\site-packages\moderngl\__init__.py", line 415, in __setitem__
    self._members[key].value = value
    ~~~~~~~~~~~~~^^^^^
KeyError: 'u_tv_count'
2026-05-14 00:13:56,319 ERROR tvwall.window: Draw failed
Traceback (most recent call last):
  File "C:\Users\marct\Documents\interactive-tv-wall\src\tvwall\app\window.py", line 62, in on_draw
    self.output_renderer.ensure_source(state, self.source_service)
    ^^^^^^^^^^^^^^^^^^^^^^^^^^^^^^^^^^^^^^^^^^^^^^^^^^^^^^
  File "C:\Users\marct\Documents\interactive-tv-wall\src\tvwall\rendering\output_renderer.py", line 75, in render
    program["u_tv_count"] = safe_count
    ~~~~~~~^^^^^^^^^^^^^^
  File "C:\Users\marct\Documents\interactive-tv-wall\.venv\Lib\site-packages\moderngl\__init__.py", line 415, in __setitem__
    self._members[key].value = value
    ~~~~~~~~~~~~~^^^^^
KeyError: 'u_tv_count'
2026-05-14 00:13:56,377 ERROR tvwall.window: Draw failed
Traceback (most recent call last):
  File "C:\Users\marct\Documents\interactive-tv-wall\src\tvwall\app\window.py", line 62, in on_draw
    self.output_renderer.ensure_source(state, self.source_service)
    ^^^^^^^^^^^^^^^^^^^^^^^^^^^^^^^^^^^^^^^^^^^^^^^^^^^^^^
  File "C:\Users\marct\Documents\interactive-tv-wall\src\tvwall\rendering\output_renderer.py", line 75, in render
    program["u_tv_count"] = safe_count
    ~~~~~~~^^^^^^^^^^^^^^
  File "C:\Users\marct\Documents\interactive-tv-wall\.venv\Lib\site-packages\moderngl\__init__.py", line 415, in __setitem__
    self._members[key].value = value
    ~~~~~~~~~~~~~^^^^^
KeyError: 'u_tv_count'
2026-05-14 00:13:56,442 ERROR tvwall.window: Draw failed
Traceback (most recent call last):
  File "C:\Users\marct\Documents\interactive-tv-wall\src\tvwall\app\window.py", line 62, in on_draw
    self.output_renderer.ensure_source(state, self.source_service)
    ^^^^^^^^^^^^^^^^^^^^^^^^^^^^^^^^^^^^^^^^^^^^^^^^^^^^^^
  File "C:\Users\marct\Documents\interactive-tv-wall\src\tvwall\rendering\output_renderer.py", line 75, in render
    program["u_tv_count"] = safe_count
    ~~~~~~~^^^^^^^^^^^^^^
  File "C:\Users\marct\Documents\interactive-tv-wall\.venv\Lib\site-packages\moderngl\__init__.py", line 415, in __setitem__
    self._members[key].value = value
    ~~~~~~~~~~~~~^^^^^
KeyError: 'u_tv_count'
2026-05-14 00:13:56,499 ERROR tvwall.window: Draw failed
Traceback (most recent call last):
  File "C:\Users\marct\Documents\interactive-tv-wall\src\tvwall\app\window.py", line 62, in on_draw
    self.output_renderer.ensure_source(state, self.source_service)
    ^^^^^^^^^^^^^^^^^^^^^^^^^^^^^^^^^^^^^^^^^^^^^^^^^^^^^^
  File "C:\Users\marct\Documents\interactive-tv-wall\src\tvwall\rendering\output_renderer.py", line 75, in render
    program["u_tv_count"] = safe_count
    ~~~~~~~^^^^^^^^^^^^^^
  File "C:\Users\marct\Documents\interactive-tv-wall\.venv\Lib\site-packages\moderngl\__init__.py", line 415, in __setitem__
    self._members[key].value = value
    ~~~~~~~~~~~~~^^^^^
KeyError: 'u_tv_count'
2026-05-14 00:13:56,556 ERROR tvwall.window: Draw failed
Traceback (most recent call last):
  File "C:\Users\marct\Documents\interactive-tv-wall\src\tvwall\app\window.py", line 62, in on_draw
    self.output_renderer.ensure_source(state, self.source_service)
    ^^^^^^^^^^^^^^^^^^^^^^^^^^^^^^^^^^^^^^^^^^^^^^^^^^^^^^
  File "C:\Users\marct\Documents\interactive-tv-wall\src\tvwall\rendering\output_renderer.py", line 75, in render
    program["u_tv_count"] = safe_count
    ~~~~~~~^^^^^^^^^^^^^^
  File "C:\Users\marct\Documents\interactive-tv-wall\.venv\Lib\site-packages\moderngl\__init__.py", line 415, in __setitem__
    self._members[key].value = value
    ~~~~~~~~~~~~~^^^^^
KeyError: 'u_tv_count'
2026-05-14 00:13:56,617 ERROR tvwall.window: Draw failed
Traceback (most recent call last):
  File "C:\Users\marct\Documents\interactive-tv-wall\src\tvwall\app\window.py", line 62, in on_draw
    self.output_renderer.ensure_source(state, self.source_service)
    ^^^^^^^^^^^^^^^^^^^^^^^^^^^^^^^^^^^^^^^^^^^^^^^^^^^^^^
  File "C:\Users\marct\Documents\interactive-tv-wall\src\tvwall\rendering\output_renderer.py", line 75, in render
    program["u_tv_count"] = safe_count
    ~~~~~~~^^^^^^^^^^^^^^
  File "C:\Users\marct\Documents\interactive-tv-wall\.venv\Lib\site-packages\moderngl\__init__.py", line 415, in __setitem__
    self._members[key].value = value
    ~~~~~~~~~~~~~^^^^^
KeyError: 'u_tv_count'
2026-05-14 00:13:56,672 ERROR tvwall.window: Draw failed
Traceback (most recent call last):
  File "C:\Users\marct\Documents\interactive-tv-wall\src\tvwall\app\window.py", line 62, in on_draw
    self.output_renderer.ensure_source(state, self.source_service)
    ^^^^^^^^^^^^^^^^^^^^^^^^^^^^^^^^^^^^^^^^^^^^^^^^^^^^^^
  File "C:\Users\marct\Documents\interactive-tv-wall\src\tvwall\rendering\output_renderer.py", line 75, in render
    program["u_tv_count"] = safe_count
    ~~~~~~~^^^^^^^^^^^^^^
  File "C:\Users\marct\Documents\interactive-tv-wall\.venv\Lib\site-packages\moderngl\__init__.py", line 415, in __setitem__
    self._members[key].value = value
    ~~~~~~~~~~~~~^^^^^
KeyError: 'u_tv_count'
2026-05-14 00:13:56,736 ERROR tvwall.window: Draw failed
Traceback (most recent call last):
  File "C:\Users\marct\Documents\interactive-tv-wall\src\tvwall\app\window.py", line 62, in on_draw
    self.output_renderer.ensure_source(state, self.source_service)
    ^^^^^^^^^^^^^^^^^^^^^^^^^^^^^^^^^^^^^^^^^^^^^^^^^^^^^^
  File "C:\Users\marct\Documents\interactive-tv-wall\src\tvwall\rendering\output_renderer.py", line 75, in render
    program["u_tv_count"] = safe_count
    ~~~~~~~^^^^^^^^^^^^^^
  File "C:\Users\marct\Documents\interactive-tv-wall\.venv\Lib\site-packages\moderngl\__init__.py", line 415, in __setitem__
    self._members[key].value = value
    ~~~~~~~~~~~~~^^^^^
KeyError: 'u_tv_count'
2026-05-14 00:13:56,793 ERROR tvwall.window: Draw failed
Traceback (most recent call last):
  File "C:\Users\marct\Documents\interactive-tv-wall\src\tvwall\app\window.py", line 62, in on_draw
    self.output_renderer.ensure_source(state, self.source_service)
    ^^^^^^^^^^^^^^^^^^^^^^^^^^^^^^^^^^^^^^^^^^^^^^^^^^^^^^
  File "C:\Users\marct\Documents\interactive-tv-wall\src\tvwall\rendering\output_renderer.py", line 75, in render
    program["u_tv_count"] = safe_count
    ~~~~~~~^^^^^^^^^^^^^^
  File "C:\Users\marct\Documents\interactive-tv-wall\.venv\Lib\site-packages\moderngl\__init__.py", line 415, in __setitem__
    self._members[key].value = value
    ~~~~~~~~~~~~~^^^^^
KeyError: 'u_tv_count'
2026-05-14 00:13:56,851 ERROR tvwall.window: Draw failed
Traceback (most recent call last):
  File "C:\Users\marct\Documents\interactive-tv-wall\src\tvwall\app\window.py", line 62, in on_draw
    self.output_renderer.ensure_source(state, self.source_service)
    ^^^^^^^^^^^^^^^^^^^^^^^^^^^^^^^^^^^^^^^^^^^^^^^^^^^^^^
  File "C:\Users\marct\Documents\interactive-tv-wall\src\tvwall\rendering\output_renderer.py", line 75, in render
    program["u_tv_count"] = safe_count
    ~~~~~~~^^^^^^^^^^^^^^
  File "C:\Users\marct\Documents\interactive-tv-wall\.venv\Lib\site-packages\moderngl\__init__.py", line 415, in __setitem__
    self._members[key].value = value
    ~~~~~~~~~~~~~^^^^^
KeyError: 'u_tv_count'
2026-05-14 00:13:56,913 ERROR tvwall.window: Draw failed
Traceback (most recent call last):
  File "C:\Users\marct\Documents\interactive-tv-wall\src\tvwall\app\window.py", line 62, in on_draw
    self.output_renderer.ensure_source(state, self.source_service)
    ^^^^^^^^^^^^^^^^^^^^^^^^^^^^^^^^^^^^^^^^^^^^^^^^^^^^^^
  File "C:\Users\marct\Documents\interactive-tv-wall\src\tvwall\rendering\output_renderer.py", line 75, in render
    program["u_tv_count"] = safe_count
    ~~~~~~~^^^^^^^^^^^^^^
  File "C:\Users\marct\Documents\interactive-tv-wall\.venv\Lib\site-packages\moderngl\__init__.py", line 415, in __setitem__
    self._members[key].value = value
    ~~~~~~~~~~~~~^^^^^
KeyError: 'u_tv_count'
2026-05-14 00:13:56,978 ERROR tvwall.window: Draw failed
Traceback (most recent call last):
  File "C:\Users\marct\Documents\interactive-tv-wall\src\tvwall\app\window.py", line 62, in on_draw
    self.output_renderer.ensure_source(state, self.source_service)
    ^^^^^^^^^^^^^^^^^^^^^^^^^^^^^^^^^^^^^^^^^^^^^^^^^^^^^^
  File "C:\Users\marct\Documents\interactive-tv-wall\src\tvwall\rendering\output_renderer.py", line 75, in render
    program["u_tv_count"] = safe_count
    ~~~~~~~^^^^^^^^^^^^^^
  File "C:\Users\marct\Documents\interactive-tv-wall\.venv\Lib\site-packages\moderngl\__init__.py", line 415, in __setitem__
    self._members[key].value = value
    ~~~~~~~~~~~~~^^^^^
KeyError: 'u_tv_count'
2026-05-14 00:13:57,042 ERROR tvwall.window: Draw failed
Traceback (most recent call last):
  File "C:\Users\marct\Documents\interactive-tv-wall\src\tvwall\app\window.py", line 62, in on_draw
    self.output_renderer.ensure_source(state, self.source_service)
    ^^^^^^^^^^^^^^^^^^^^^^^^^^^^^^^^^^^^^^^^^^^^^^^^^^^^^^
  File "C:\Users\marct\Documents\interactive-tv-wall\src\tvwall\rendering\output_renderer.py", line 75, in render
    program["u_tv_count"] = safe_count
    ~~~~~~~^^^^^^^^^^^^^^
  File "C:\Users\marct\Documents\interactive-tv-wall\.venv\Lib\site-packages\moderngl\__init__.py", line 415, in __setitem__
    self._members[key].value = value
    ~~~~~~~~~~~~~^^^^^
KeyError: 'u_tv_count'
2026-05-14 00:13:57,102 ERROR tvwall.window: Draw failed
Traceback (most recent call last):
  File "C:\Users\marct\Documents\interactive-tv-wall\src\tvwall\app\window.py", line 62, in on_draw
    self.output_renderer.ensure_source(state, self.source_service)
    ^^^^^^^^^^^^^^^^^^^^^^^^^^^^^^^^^^^^^^^^^^^^^^^^^^^^^^
  File "C:\Users\marct\Documents\interactive-tv-wall\src\tvwall\rendering\output_renderer.py", line 75, in render
    program["u_tv_count"] = safe_count
    ~~~~~~~^^^^^^^^^^^^^^
  File "C:\Users\marct\Documents\interactive-tv-wall\.venv\Lib\site-packages\moderngl\__init__.py", line 415, in __setitem__
    self._members[key].value = value
    ~~~~~~~~~~~~~^^^^^
KeyError: 'u_tv_count'
2026-05-14 00:13:57,168 ERROR tvwall.window: Draw failed
Traceback (most recent call last):
  File "C:\Users\marct\Documents\interactive-tv-wall\src\tvwall\app\window.py", line 62, in on_draw
    self.output_renderer.ensure_source(state, self.source_service)
    ^^^^^^^^^^^^^^^^^^^^^^^^^^^^^^^^^^^^^^^^^^^^^^^^^^^^^^
  File "C:\Users\marct\Documents\interactive-tv-wall\src\tvwall\rendering\output_renderer.py", line 75, in render
    program["u_tv_count"] = safe_count
    ~~~~~~~^^^^^^^^^^^^^^
  File "C:\Users\marct\Documents\interactive-tv-wall\.venv\Lib\site-packages\moderngl\__init__.py", line 415, in __setitem__
    self._members[key].value = value
    ~~~~~~~~~~~~~^^^^^
KeyError: 'u_tv_count'
2026-05-14 00:13:57,228 ERROR tvwall.window: Draw failed
Traceback (most recent call last):
  File "C:\Users\marct\Documents\interactive-tv-wall\src\tvwall\app\window.py", line 62, in on_draw
    self.output_renderer.ensure_source(state, self.source_service)
    ^^^^^^^^^^^^^^^^^^^^^^^^^^^^^^^^^^^^^^^^^^^^^^^^^^^^^^
  File "C:\Users\marct\Documents\interactive-tv-wall\src\tvwall\rendering\output_renderer.py", line 75, in render
    program["u_tv_count"] = safe_count
    ~~~~~~~^^^^^^^^^^^^^^
  File "C:\Users\marct\Documents\interactive-tv-wall\.venv\Lib\site-packages\moderngl\__init__.py", line 415, in __setitem__
    self._members[key].value = value
    ~~~~~~~~~~~~~^^^^^
KeyError: 'u_tv_count'
2026-05-14 00:13:57,291 ERROR tvwall.window: Draw failed
Traceback (most recent call last):
  File "C:\Users\marct\Documents\interactive-tv-wall\src\tvwall\app\window.py", line 62, in on_draw
    self.output_renderer.ensure_source(state, self.source_service)
    ^^^^^^^^^^^^^^^^^^^^^^^^^^^^^^^^^^^^^^^^^^^^^^^^^^^^^^
  File "C:\Users\marct\Documents\interactive-tv-wall\src\tvwall\rendering\output_renderer.py", line 75, in render
    program["u_tv_count"] = safe_count
    ~~~~~~~^^^^^^^^^^^^^^
  File "C:\Users\marct\Documents\interactive-tv-wall\.venv\Lib\site-packages\moderngl\__init__.py", line 415, in __setitem__
    self._members[key].value = value
    ~~~~~~~~~~~~~^^^^^
KeyError: 'u_tv_count'
2026-05-14 00:13:57,357 ERROR tvwall.window: Draw failed
Traceback (most recent call last):
  File "C:\Users\marct\Documents\interactive-tv-wall\src\tvwall\app\window.py", line 62, in on_draw
    self.output_renderer.ensure_source(state, self.source_service)
    ^^^^^^^^^^^^^^^^^^^^^^^^^^^^^^^^^^^^^^^^^^^^^^^^^^^^^^
  File "C:\Users\marct\Documents\interactive-tv-wall\src\tvwall\rendering\output_renderer.py", line 75, in render
    program["u_tv_count"] = safe_count
    ~~~~~~~^^^^^^^^^^^^^^
  File "C:\Users\marct\Documents\interactive-tv-wall\.venv\Lib\site-packages\moderngl\__init__.py", line 415, in __setitem__
    self._members[key].value = value
    ~~~~~~~~~~~~~^^^^^
KeyError: 'u_tv_count'
2026-05-14 00:13:57,416 ERROR tvwall.window: Draw failed
Traceback (most recent call last):
  File "C:\Users\marct\Documents\interactive-tv-wall\src\tvwall\app\window.py", line 62, in on_draw
    self.output_renderer.ensure_source(state, self.source_service)
    ^^^^^^^^^^^^^^^^^^^^^^^^^^^^^^^^^^^^^^^^^^^^^^^^^^^^^^
  File "C:\Users\marct\Documents\interactive-tv-wall\src\tvwall\rendering\output_renderer.py", line 75, in render
    program["u_tv_count"] = safe_count
    ~~~~~~~^^^^^^^^^^^^^^
  File "C:\Users\marct\Documents\interactive-tv-wall\.venv\Lib\site-packages\moderngl\__init__.py", line 415, in __setitem__
    self._members[key].value = value
    ~~~~~~~~~~~~~^^^^^
KeyError: 'u_tv_count'
2026-05-14 00:13:57,488 ERROR tvwall.window: Draw failed
Traceback (most recent call last):
  File "C:\Users\marct\Documents\interactive-tv-wall\src\tvwall\app\window.py", line 62, in on_draw
    self.output_renderer.ensure_source(state, self.source_service)
    ^^^^^^^^^^^^^^^^^^^^^^^^^^^^^^^^^^^^^^^^^^^^^^^^^^^^^^
  File "C:\Users\marct\Documents\interactive-tv-wall\src\tvwall\rendering\output_renderer.py", line 75, in render
    program["u_tv_count"] = safe_count
    ~~~~~~~^^^^^^^^^^^^^^
  File "C:\Users\marct\Documents\interactive-tv-wall\.venv\Lib\site-packages\moderngl\__init__.py", line 415, in __setitem__
    self._members[key].value = value
    ~~~~~~~~~~~~~^^^^^
KeyError: 'u_tv_count'
2026-05-14 00:13:57,552 ERROR tvwall.window: Draw failed
Traceback (most recent call last):
  File "C:\Users\marct\Documents\interactive-tv-wall\src\tvwall\app\window.py", line 62, in on_draw
    self.output_renderer.ensure_source(state, self.source_service)
    ^^^^^^^^^^^^^^^^^^^^^^^^^^^^^^^^^^^^^^^^^^^^^^^^^^^^^^
  File "C:\Users\marct\Documents\interactive-tv-wall\src\tvwall\rendering\output_renderer.py", line 75, in render
    program["u_tv_count"] = safe_count
    ~~~~~~~^^^^^^^^^^^^^^
  File "C:\Users\marct\Documents\interactive-tv-wall\.venv\Lib\site-packages\moderngl\__init__.py", line 415, in __setitem__
    self._members[key].value = value
    ~~~~~~~~~~~~~^^^^^
KeyError: 'u_tv_count'
2026-05-14 00:13:57,634 ERROR tvwall.window: Draw failed
Traceback (most recent call last):
  File "C:\Users\marct\Documents\interactive-tv-wall\src\tvwall\app\window.py", line 62, in on_draw
    self.output_renderer.ensure_source(state, self.source_service)
    ^^^^^^^^^^^^^^^^^^^^^^^^^^^^^^^^^^^^^^^^^^^^^^^^^^^^^^
  File "C:\Users\marct\Documents\interactive-tv-wall\src\tvwall\rendering\output_renderer.py", line 75, in render
    program["u_tv_count"] = safe_count
    ~~~~~~~^^^^^^^^^^^^^^
  File "C:\Users\marct\Documents\interactive-tv-wall\.venv\Lib\site-packages\moderngl\__init__.py", line 415, in __setitem__
    self._members[key].value = value
    ~~~~~~~~~~~~~^^^^^
KeyError: 'u_tv_count'
2026-05-14 00:13:57,705 ERROR tvwall.window: Draw failed
Traceback (most recent call last):
  File "C:\Users\marct\Documents\interactive-tv-wall\src\tvwall\app\window.py", line 62, in on_draw
    self.output_renderer.ensure_source(state, self.source_service)
    ^^^^^^^^^^^^^^^^^^^^^^^^^^^^^^^^^^^^^^^^^^^^^^^^^^^^^^
  File "C:\Users\marct\Documents\interactive-tv-wall\src\tvwall\rendering\output_renderer.py", line 75, in render
    program["u_tv_count"] = safe_count
    ~~~~~~~^^^^^^^^^^^^^^
  File "C:\Users\marct\Documents\interactive-tv-wall\.venv\Lib\site-packages\moderngl\__init__.py", line 415, in __setitem__
    self._members[key].value = value
    ~~~~~~~~~~~~~^^^^^
KeyError: 'u_tv_count'
2026-05-14 00:13:57,761 ERROR tvwall.window: Draw failed
Traceback (most recent call last):
  File "C:\Users\marct\Documents\interactive-tv-wall\src\tvwall\app\window.py", line 62, in on_draw
    self.output_renderer.ensure_source(state, self.source_service)
    ^^^^^^^^^^^^^^^^^^^^^^^^^^^^^^^^^^^^^^^^^^^^^^^^^^^^^^
  File "C:\Users\marct\Documents\interactive-tv-wall\src\tvwall\rendering\output_renderer.py", line 75, in render
    program["u_tv_count"] = safe_count
    ~~~~~~~^^^^^^^^^^^^^^
  File "C:\Users\marct\Documents\interactive-tv-wall\.venv\Lib\site-packages\moderngl\__init__.py", line 415, in __setitem__
    self._members[key].value = value
    ~~~~~~~~~~~~~^^^^^
KeyError: 'u_tv_count'
2026-05-14 00:13:57,825 ERROR tvwall.window: Draw failed
Traceback (most recent call last):
  File "C:\Users\marct\Documents\interactive-tv-wall\src\tvwall\app\window.py", line 62, in on_draw
    self.output_renderer.ensure_source(state, self.source_service)
    ^^^^^^^^^^^^^^^^^^^^^^^^^^^^^^^^^^^^^^^^^^^^^^^^^^^^^^
  File "C:\Users\marct\Documents\interactive-tv-wall\src\tvwall\rendering\output_renderer.py", line 75, in render
    program["u_tv_count"] = safe_count
    ~~~~~~~^^^^^^^^^^^^^^
  File "C:\Users\marct\Documents\interactive-tv-wall\.venv\Lib\site-packages\moderngl\__init__.py", line 415, in __setitem__
    self._members[key].value = value
    ~~~~~~~~~~~~~^^^^^
KeyError: 'u_tv_count'
2026-05-14 00:13:57,898 ERROR tvwall.window: Draw failed
Traceback (most recent call last):
  File "C:\Users\marct\Documents\interactive-tv-wall\src\tvwall\app\window.py", line 62, in on_draw
    self.output_renderer.ensure_source(state, self.source_service)
    ^^^^^^^^^^^^^^^^^^^^^^^^^^^^^^^^^^^^^^^^^^^^^^^^^^^^^^
  File "C:\Users\marct\Documents\interactive-tv-wall\src\tvwall\rendering\output_renderer.py", line 75, in render
    program["u_tv_count"] = safe_count
    ~~~~~~~^^^^^^^^^^^^^^
  File "C:\Users\marct\Documents\interactive-tv-wall\.venv\Lib\site-packages\moderngl\__init__.py", line 415, in __setitem__
    self._members[key].value = value
    ~~~~~~~~~~~~~^^^^^
KeyError: 'u_tv_count'
2026-05-14 00:13:57,956 ERROR tvwall.window: Draw failed
Traceback (most recent call last):
  File "C:\Users\marct\Documents\interactive-tv-wall\src\tvwall\app\window.py", line 62, in on_draw
    self.output_renderer.ensure_source(state, self.source_service)
    ^^^^^^^^^^^^^^^^^^^^^^^^^^^^^^^^^^^^^^^^^^^^^^^^^^^^^^
  File "C:\Users\marct\Documents\interactive-tv-wall\src\tvwall\rendering\output_renderer.py", line 75, in render
    program["u_tv_count"] = safe_count
    ~~~~~~~^^^^^^^^^^^^^^
  File "C:\Users\marct\Documents\interactive-tv-wall\.venv\Lib\site-packages\moderngl\__init__.py", line 415, in __setitem__
    self._members[key].value = value
    ~~~~~~~~~~~~~^^^^^
KeyError: 'u_tv_count'
2026-05-14 00:13:58,017 ERROR tvwall.window: Draw failed
Traceback (most recent call last):
  File "C:\Users\marct\Documents\interactive-tv-wall\src\tvwall\app\window.py", line 62, in on_draw
    self.output_renderer.ensure_source(state, self.source_service)
    ^^^^^^^^^^^^^^^^^^^^^^^^^^^^^^^^^^^^^^^^^^^^^^^^^^^^^^
  File "C:\Users\marct\Documents\interactive-tv-wall\src\tvwall\rendering\output_renderer.py", line 75, in render
    program["u_tv_count"] = safe_count
    ~~~~~~~^^^^^^^^^^^^^^
  File "C:\Users\marct\Documents\interactive-tv-wall\.venv\Lib\site-packages\moderngl\__init__.py", line 415, in __setitem__
    self._members[key].value = value
    ~~~~~~~~~~~~~^^^^^
KeyError: 'u_tv_count'
2026-05-14 00:13:58,073 ERROR tvwall.window: Draw failed
Traceback (most recent call last):
  File "C:\Users\marct\Documents\interactive-tv-wall\src\tvwall\app\window.py", line 62, in on_draw
    self.output_renderer.ensure_source(state, self.source_service)
    ^^^^^^^^^^^^^^^^^^^^^^^^^^^^^^^^^^^^^^^^^^^^^^^^^^^^^^
  File "C:\Users\marct\Documents\interactive-tv-wall\src\tvwall\rendering\output_renderer.py", line 75, in render
    program["u_tv_count"] = safe_count
    ~~~~~~~^^^^^^^^^^^^^^
  File "C:\Users\marct\Documents\interactive-tv-wall\.venv\Lib\site-packages\moderngl\__init__.py", line 415, in __setitem__
    self._members[key].value = value
    ~~~~~~~~~~~~~^^^^^
KeyError: 'u_tv_count'
2026-05-14 00:13:58,126 ERROR tvwall.window: Draw failed
Traceback (most recent call last):
  File "C:\Users\marct\Documents\interactive-tv-wall\src\tvwall\app\window.py", line 62, in on_draw
    self.output_renderer.ensure_source(state, self.source_service)
    ^^^^^^^^^^^^^^^^^^^^^^^^^^^^^^^^^^^^^^^^^^^^^^^^^^^^^^
  File "C:\Users\marct\Documents\interactive-tv-wall\src\tvwall\rendering\output_renderer.py", line 75, in render
    program["u_tv_count"] = safe_count
    ~~~~~~~^^^^^^^^^^^^^^
  File "C:\Users\marct\Documents\interactive-tv-wall\.venv\Lib\site-packages\moderngl\__init__.py", line 415, in __setitem__
    self._members[key].value = value
    ~~~~~~~~~~~~~^^^^^
KeyError: 'u_tv_count'
2026-05-14 00:13:58,185 ERROR tvwall.window: Draw failed
Traceback (most recent call last):
  File "C:\Users\marct\Documents\interactive-tv-wall\src\tvwall\app\window.py", line 62, in on_draw
    self.output_renderer.ensure_source(state, self.source_service)
    ^^^^^^^^^^^^^^^^^^^^^^^^^^^^^^^^^^^^^^^^^^^^^^^^^^^^^^
  File "C:\Users\marct\Documents\interactive-tv-wall\src\tvwall\rendering\output_renderer.py", line 75, in render
    program["u_tv_count"] = safe_count
    ~~~~~~~^^^^^^^^^^^^^^
  File "C:\Users\marct\Documents\interactive-tv-wall\.venv\Lib\site-packages\moderngl\__init__.py", line 415, in __setitem__
    self._members[key].value = value
    ~~~~~~~~~~~~~^^^^^
KeyError: 'u_tv_count'
2026-05-14 00:13:58,244 ERROR tvwall.window: Draw failed
Traceback (most recent call last):
  File "C:\Users\marct\Documents\interactive-tv-wall\src\tvwall\app\window.py", line 62, in on_draw
    self.output_renderer.ensure_source(state, self.source_service)
    ^^^^^^^^^^^^^^^^^^^^^^^^^^^^^^^^^^^^^^^^^^^^^^^^^^^^^^
  File "C:\Users\marct\Documents\interactive-tv-wall\src\tvwall\rendering\output_renderer.py", line 75, in render
    program["u_tv_count"] = safe_count
    ~~~~~~~^^^^^^^^^^^^^^
  File "C:\Users\marct\Documents\interactive-tv-wall\.venv\Lib\site-packages\moderngl\__init__.py", line 415, in __setitem__
    self._members[key].value = value
    ~~~~~~~~~~~~~^^^^^
KeyError: 'u_tv_count'
2026-05-14 00:13:58,301 ERROR tvwall.window: Draw failed
Traceback (most recent call last):
  File "C:\Users\marct\Documents\interactive-tv-wall\src\tvwall\app\window.py", line 62, in on_draw
    self.output_renderer.ensure_source(state, self.source_service)
    ^^^^^^^^^^^^^^^^^^^^^^^^^^^^^^^^^^^^^^^^^^^^^^^^^^^^^^
  File "C:\Users\marct\Documents\interactive-tv-wall\src\tvwall\rendering\output_renderer.py", line 75, in render
    program["u_tv_count"] = safe_count
    ~~~~~~~^^^^^^^^^^^^^^
  File "C:\Users\marct\Documents\interactive-tv-wall\.venv\Lib\site-packages\moderngl\__init__.py", line 415, in __setitem__
    self._members[key].value = value
    ~~~~~~~~~~~~~^^^^^
KeyError: 'u_tv_count'
2026-05-14 00:13:58,373 ERROR tvwall.window: Draw failed
Traceback (most recent call last):
  File "C:\Users\marct\Documents\interactive-tv-wall\src\tvwall\app\window.py", line 62, in on_draw
    self.output_renderer.ensure_source(state, self.source_service)
    ^^^^^^^^^^^^^^^^^^^^^^^^^^^^^^^^^^^^^^^^^^^^^^^^^^^^^^
  File "C:\Users\marct\Documents\interactive-tv-wall\src\tvwall\rendering\output_renderer.py", line 75, in render
    program["u_tv_count"] = safe_count
    ~~~~~~~^^^^^^^^^^^^^^
  File "C:\Users\marct\Documents\interactive-tv-wall\.venv\Lib\site-packages\moderngl\__init__.py", line 415, in __setitem__
    self._members[key].value = value
    ~~~~~~~~~~~~~^^^^^
KeyError: 'u_tv_count'
2026-05-14 00:13:58,433 ERROR tvwall.window: Draw failed
Traceback (most recent call last):
  File "C:\Users\marct\Documents\interactive-tv-wall\src\tvwall\app\window.py", line 62, in on_draw
    self.output_renderer.ensure_source(state, self.source_service)
    ^^^^^^^^^^^^^^^^^^^^^^^^^^^^^^^^^^^^^^^^^^^^^^^^^^^^^^
  File "C:\Users\marct\Documents\interactive-tv-wall\src\tvwall\rendering\output_renderer.py", line 75, in render
    program["u_tv_count"] = safe_count
    ~~~~~~~^^^^^^^^^^^^^^
  File "C:\Users\marct\Documents\interactive-tv-wall\.venv\Lib\site-packages\moderngl\__init__.py", line 415, in __setitem__
    self._members[key].value = value
    ~~~~~~~~~~~~~^^^^^
KeyError: 'u_tv_count'
2026-05-14 00:13:58,490 ERROR tvwall.window: Draw failed
Traceback (most recent call last):
  File "C:\Users\marct\Documents\interactive-tv-wall\src\tvwall\app\window.py", line 62, in on_draw
    self.output_renderer.ensure_source(state, self.source_service)
    ^^^^^^^^^^^^^^^^^^^^^^^^^^^^^^^^^^^^^^^^^^^^^^^^^^^^^^
  File "C:\Users\marct\Documents\interactive-tv-wall\src\tvwall\rendering\output_renderer.py", line 75, in render
    program["u_tv_count"] = safe_count
    ~~~~~~~^^^^^^^^^^^^^^
  File "C:\Users\marct\Documents\interactive-tv-wall\.venv\Lib\site-packages\moderngl\__init__.py", line 415, in __setitem__
    self._members[key].value = value
    ~~~~~~~~~~~~~^^^^^
KeyError: 'u_tv_count'
2026-05-14 00:13:58,542 ERROR tvwall.window: Draw failed
Traceback (most recent call last):
  File "C:\Users\marct\Documents\interactive-tv-wall\src\tvwall\app\window.py", line 62, in on_draw
    self.output_renderer.ensure_source(state, self.source_service)
    ^^^^^^^^^^^^^^^^^^^^^^^^^^^^^^^^^^^^^^^^^^^^^^^^^^^^^^
  File "C:\Users\marct\Documents\interactive-tv-wall\src\tvwall\rendering\output_renderer.py", line 75, in render
    program["u_tv_count"] = safe_count
    ~~~~~~~^^^^^^^^^^^^^^
  File "C:\Users\marct\Documents\interactive-tv-wall\.venv\Lib\site-packages\moderngl\__init__.py", line 415, in __setitem__
    self._members[key].value = value
    ~~~~~~~~~~~~~^^^^^
KeyError: 'u_tv_count'
2026-05-14 00:13:58,600 ERROR tvwall.window: Draw failed
Traceback (most recent call last):
  File "C:\Users\marct\Documents\interactive-tv-wall\src\tvwall\app\window.py", line 62, in on_draw
    self.output_renderer.ensure_source(state, self.source_service)
    ^^^^^^^^^^^^^^^^^^^^^^^^^^^^^^^^^^^^^^^^^^^^^^^^^^^^^^
  File "C:\Users\marct\Documents\interactive-tv-wall\src\tvwall\rendering\output_renderer.py", line 75, in render
    program["u_tv_count"] = safe_count
    ~~~~~~~^^^^^^^^^^^^^^
  File "C:\Users\marct\Documents\interactive-tv-wall\.venv\Lib\site-packages\moderngl\__init__.py", line 415, in __setitem__
    self._members[key].value = value
    ~~~~~~~~~~~~~^^^^^
KeyError: 'u_tv_count'
2026-05-14 00:13:58,668 ERROR tvwall.window: Draw failed
Traceback (most recent call last):
  File "C:\Users\marct\Documents\interactive-tv-wall\src\tvwall\app\window.py", line 62, in on_draw
    self.output_renderer.ensure_source(state, self.source_service)
    ^^^^^^^^^^^^^^^^^^^^^^^^^^^^^^^^^^^^^^^^^^^^^^^^^^^^^^
  File "C:\Users\marct\Documents\interactive-tv-wall\src\tvwall\rendering\output_renderer.py", line 75, in render
    program["u_tv_count"] = safe_count
    ~~~~~~~^^^^^^^^^^^^^^
  File "C:\Users\marct\Documents\interactive-tv-wall\.venv\Lib\site-packages\moderngl\__init__.py", line 415, in __setitem__
    self._members[key].value = value
    ~~~~~~~~~~~~~^^^^^
KeyError: 'u_tv_count'
2026-05-14 00:13:58,725 ERROR tvwall.window: Draw failed
Traceback (most recent call last):
  File "C:\Users\marct\Documents\interactive-tv-wall\src\tvwall\app\window.py", line 62, in on_draw
    self.output_renderer.ensure_source(state, self.source_service)
    ^^^^^^^^^^^^^^^^^^^^^^^^^^^^^^^^^^^^^^^^^^^^^^^^^^^^^^
  File "C:\Users\marct\Documents\interactive-tv-wall\src\tvwall\rendering\output_renderer.py", line 75, in render
    program["u_tv_count"] = safe_count
    ~~~~~~~^^^^^^^^^^^^^^
  File "C:\Users\marct\Documents\interactive-tv-wall\.venv\Lib\site-packages\moderngl\__init__.py", line 415, in __setitem__
    self._members[key].value = value
    ~~~~~~~~~~~~~^^^^^
KeyError: 'u_tv_count'
2026-05-14 00:13:58,783 ERROR tvwall.window: Draw failed
Traceback (most recent call last):
  File "C:\Users\marct\Documents\interactive-tv-wall\src\tvwall\app\window.py", line 62, in on_draw
    self.output_renderer.ensure_source(state, self.source_service)
    ^^^^^^^^^^^^^^^^^^^^^^^^^^^^^^^^^^^^^^^^^^^^^^^^^^^^^^
  File "C:\Users\marct\Documents\interactive-tv-wall\src\tvwall\rendering\output_renderer.py", line 75, in render
    program["u_tv_count"] = safe_count
    ~~~~~~~^^^^^^^^^^^^^^
  File "C:\Users\marct\Documents\interactive-tv-wall\.venv\Lib\site-packages\moderngl\__init__.py", line 415, in __setitem__
    self._members[key].value = value
    ~~~~~~~~~~~~~^^^^^
KeyError: 'u_tv_count'
2026-05-14 00:13:58,835 ERROR tvwall.window: Draw failed
Traceback (most recent call last):
  File "C:\Users\marct\Documents\interactive-tv-wall\src\tvwall\app\window.py", line 62, in on_draw
    self.output_renderer.ensure_source(state, self.source_service)
    ^^^^^^^^^^^^^^^^^^^^^^^^^^^^^^^^^^^^^^^^^^^^^^^^^^^^^^
  File "C:\Users\marct\Documents\interactive-tv-wall\src\tvwall\rendering\output_renderer.py", line 75, in render
    program["u_tv_count"] = safe_count
    ~~~~~~~^^^^^^^^^^^^^^
  File "C:\Users\marct\Documents\interactive-tv-wall\.venv\Lib\site-packages\moderngl\__init__.py", line 415, in __setitem__
    self._members[key].value = value
    ~~~~~~~~~~~~~^^^^^
KeyError: 'u_tv_count'
2026-05-14 00:13:58,890 ERROR tvwall.window: Draw failed
Traceback (most recent call last):
  File "C:\Users\marct\Documents\interactive-tv-wall\src\tvwall\app\window.py", line 62, in on_draw
    self.output_renderer.ensure_source(state, self.source_service)
    ^^^^^^^^^^^^^^^^^^^^^^^^^^^^^^^^^^^^^^^^^^^^^^^^^^^^^^
  File "C:\Users\marct\Documents\interactive-tv-wall\src\tvwall\rendering\output_renderer.py", line 75, in render
    program["u_tv_count"] = safe_count
    ~~~~~~~^^^^^^^^^^^^^^
  File "C:\Users\marct\Documents\interactive-tv-wall\.venv\Lib\site-packages\moderngl\__init__.py", line 415, in __setitem__
    self._members[key].value = value
    ~~~~~~~~~~~~~^^^^^
KeyError: 'u_tv_count'
2026-05-14 00:13:58,956 ERROR tvwall.window: Draw failed
Traceback (most recent call last):
  File "C:\Users\marct\Documents\interactive-tv-wall\src\tvwall\app\window.py", line 62, in on_draw
    self.output_renderer.ensure_source(state, self.source_service)
    ^^^^^^^^^^^^^^^^^^^^^^^^^^^^^^^^^^^^^^^^^^^^^^^^^^^^^^
  File "C:\Users\marct\Documents\interactive-tv-wall\src\tvwall\rendering\output_renderer.py", line 75, in render
    program["u_tv_count"] = safe_count
    ~~~~~~~^^^^^^^^^^^^^^
  File "C:\Users\marct\Documents\interactive-tv-wall\.venv\Lib\site-packages\moderngl\__init__.py", line 415, in __setitem__
    self._members[key].value = value
    ~~~~~~~~~~~~~^^^^^
KeyError: 'u_tv_count'
2026-05-14 00:13:59,017 ERROR tvwall.window: Draw failed
Traceback (most recent call last):
  File "C:\Users\marct\Documents\interactive-tv-wall\src\tvwall\app\window.py", line 62, in on_draw
    self.output_renderer.ensure_source(state, self.source_service)
    ^^^^^^^^^^^^^^^^^^^^^^^^^^^^^^^^^^^^^^^^^^^^^^^^^^^^^^
  File "C:\Users\marct\Documents\interactive-tv-wall\src\tvwall\rendering\output_renderer.py", line 75, in render
    program["u_tv_count"] = safe_count
    ~~~~~~~^^^^^^^^^^^^^^
  File "C:\Users\marct\Documents\interactive-tv-wall\.venv\Lib\site-packages\moderngl\__init__.py", line 415, in __setitem__
    self._members[key].value = value
    ~~~~~~~~~~~~~^^^^^
KeyError: 'u_tv_count'
2026-05-14 00:13:59,074 ERROR tvwall.window: Draw failed
Traceback (most recent call last):
  File "C:\Users\marct\Documents\interactive-tv-wall\src\tvwall\app\window.py", line 62, in on_draw
    self.output_renderer.ensure_source(state, self.source_service)
    ^^^^^^^^^^^^^^^^^^^^^^^^^^^^^^^^^^^^^^^^^^^^^^^^^^^^^^
  File "C:\Users\marct\Documents\interactive-tv-wall\src\tvwall\rendering\output_renderer.py", line 75, in render
    program["u_tv_count"] = safe_count
    ~~~~~~~^^^^^^^^^^^^^^
  File "C:\Users\marct\Documents\interactive-tv-wall\.venv\Lib\site-packages\moderngl\__init__.py", line 415, in __setitem__
    self._members[key].value = value
    ~~~~~~~~~~~~~^^^^^
KeyError: 'u_tv_count'
2026-05-14 00:13:59,129 ERROR tvwall.window: Draw failed
Traceback (most recent call last):
  File "C:\Users\marct\Documents\interactive-tv-wall\src\tvwall\app\window.py", line 62, in on_draw
    self.output_renderer.ensure_source(state, self.source_service)
    ^^^^^^^^^^^^^^^^^^^^^^^^^^^^^^^^^^^^^^^^^^^^^^^^^^^^^^
  File "C:\Users\marct\Documents\interactive-tv-wall\src\tvwall\rendering\output_renderer.py", line 75, in render
    program["u_tv_count"] = safe_count
    ~~~~~~~^^^^^^^^^^^^^^
  File "C:\Users\marct\Documents\interactive-tv-wall\.venv\Lib\site-packages\moderngl\__init__.py", line 415, in __setitem__
    self._members[key].value = value
    ~~~~~~~~~~~~~^^^^^
KeyError: 'u_tv_count'
2026-05-14 00:13:59,185 ERROR tvwall.window: Draw failed
Traceback (most recent call last):
  File "C:\Users\marct\Documents\interactive-tv-wall\src\tvwall\app\window.py", line 62, in on_draw
    self.output_renderer.ensure_source(state, self.source_service)
    ^^^^^^^^^^^^^^^^^^^^^^^^^^^^^^^^^^^^^^^^^^^^^^^^^^^^^^
  File "C:\Users\marct\Documents\interactive-tv-wall\src\tvwall\rendering\output_renderer.py", line 75, in render
    program["u_tv_count"] = safe_count
    ~~~~~~~^^^^^^^^^^^^^^
  File "C:\Users\marct\Documents\interactive-tv-wall\.venv\Lib\site-packages\moderngl\__init__.py", line 415, in __setitem__
    self._members[key].value = value
    ~~~~~~~~~~~~~^^^^^
KeyError: 'u_tv_count'
2026-05-14 00:13:59,252 ERROR tvwall.window: Draw failed
Traceback (most recent call last):
  File "C:\Users\marct\Documents\interactive-tv-wall\src\tvwall\app\window.py", line 62, in on_draw
    self.output_renderer.ensure_source(state, self.source_service)
    ^^^^^^^^^^^^^^^^^^^^^^^^^^^^^^^^^^^^^^^^^^^^^^^^^^^^^^
  File "C:\Users\marct\Documents\interactive-tv-wall\src\tvwall\rendering\output_renderer.py", line 75, in render
    program["u_tv_count"] = safe_count
    ~~~~~~~^^^^^^^^^^^^^^
  File "C:\Users\marct\Documents\interactive-tv-wall\.venv\Lib\site-packages\moderngl\__init__.py", line 415, in __setitem__
    self._members[key].value = value
    ~~~~~~~~~~~~~^^^^^
KeyError: 'u_tv_count'
2026-05-14 00:13:59,318 ERROR tvwall.window: Draw failed
Traceback (most recent call last):
  File "C:\Users\marct\Documents\interactive-tv-wall\src\tvwall\app\window.py", line 62, in on_draw
    self.output_renderer.ensure_source(state, self.source_service)
    ^^^^^^^^^^^^^^^^^^^^^^^^^^^^^^^^^^^^^^^^^^^^^^^^^^^^^^
  File "C:\Users\marct\Documents\interactive-tv-wall\src\tvwall\rendering\output_renderer.py", line 75, in render
    program["u_tv_count"] = safe_count
    ~~~~~~~^^^^^^^^^^^^^^
  File "C:\Users\marct\Documents\interactive-tv-wall\.venv\Lib\site-packages\moderngl\__init__.py", line 415, in __setitem__
    self._members[key].value = value
    ~~~~~~~~~~~~~^^^^^
KeyError: 'u_tv_count'
2026-05-14 00:13:59,385 ERROR tvwall.window: Draw failed
Traceback (most recent call last):
  File "C:\Users\marct\Documents\interactive-tv-wall\src\tvwall\app\window.py", line 62, in on_draw
    self.output_renderer.ensure_source(state, self.source_service)
    ^^^^^^^^^^^^^^^^^^^^^^^^^^^^^^^^^^^^^^^^^^^^^^^^^^^^^^
  File "C:\Users\marct\Documents\interactive-tv-wall\src\tvwall\rendering\output_renderer.py", line 75, in render
    program["u_tv_count"] = safe_count
    ~~~~~~~^^^^^^^^^^^^^^
  File "C:\Users\marct\Documents\interactive-tv-wall\.venv\Lib\site-packages\moderngl\__init__.py", line 415, in __setitem__
    self._members[key].value = value
    ~~~~~~~~~~~~~^^^^^
KeyError: 'u_tv_count'
2026-05-14 00:13:59,440 ERROR tvwall.window: Draw failed
Traceback (most recent call last):
  File "C:\Users\marct\Documents\interactive-tv-wall\src\tvwall\app\window.py", line 62, in on_draw
    self.output_renderer.ensure_source(state, self.source_service)
    ^^^^^^^^^^^^^^^^^^^^^^^^^^^^^^^^^^^^^^^^^^^^^^^^^^^^^^
  File "C:\Users\marct\Documents\interactive-tv-wall\src\tvwall\rendering\output_renderer.py", line 75, in render
    program["u_tv_count"] = safe_count
    ~~~~~~~^^^^^^^^^^^^^^
  File "C:\Users\marct\Documents\interactive-tv-wall\.venv\Lib\site-packages\moderngl\__init__.py", line 415, in __setitem__
    self._members[key].value = value
    ~~~~~~~~~~~~~^^^^^
KeyError: 'u_tv_count'
2026-05-14 00:13:59,510 ERROR tvwall.window: Draw failed
Traceback (most recent call last):
  File "C:\Users\marct\Documents\interactive-tv-wall\src\tvwall\app\window.py", line 62, in on_draw
    self.output_renderer.ensure_source(state, self.source_service)
    ^^^^^^^^^^^^^^^^^^^^^^^^^^^^^^^^^^^^^^^^^^^^^^^^^^^^^^
  File "C:\Users\marct\Documents\interactive-tv-wall\src\tvwall\rendering\output_renderer.py", line 75, in render
    program["u_tv_count"] = safe_count
    ~~~~~~~^^^^^^^^^^^^^^
  File "C:\Users\marct\Documents\interactive-tv-wall\.venv\Lib\site-packages\moderngl\__init__.py", line 415, in __setitem__
    self._members[key].value = value
    ~~~~~~~~~~~~~^^^^^
KeyError: 'u_tv_count'
2026-05-14 00:13:59,602 ERROR tvwall.window: Draw failed
Traceback (most recent call last):
  File "C:\Users\marct\Documents\interactive-tv-wall\src\tvwall\app\window.py", line 62, in on_draw
    self.output_renderer.ensure_source(state, self.source_service)
    ^^^^^^^^^^^^^^^^^^^^^^^^^^^^^^^^^^^^^^^^^^^^^^^^^^^^^^
  File "C:\Users\marct\Documents\interactive-tv-wall\src\tvwall\rendering\output_renderer.py", line 75, in render
    program["u_tv_count"] = safe_count
    ~~~~~~~^^^^^^^^^^^^^^
  File "C:\Users\marct\Documents\interactive-tv-wall\.venv\Lib\site-packages\moderngl\__init__.py", line 415, in __setitem__
    self._members[key].value = value
    ~~~~~~~~~~~~~^^^^^
KeyError: 'u_tv_count'
2026-05-14 00:13:59,662 ERROR tvwall.window: Draw failed
Traceback (most recent call last):
  File "C:\Users\marct\Documents\interactive-tv-wall\src\tvwall\app\window.py", line 62, in on_draw
    self.output_renderer.ensure_source(state, self.source_service)
    ^^^^^^^^^^^^^^^^^^^^^^^^^^^^^^^^^^^^^^^^^^^^^^^^^^^^^^
  File "C:\Users\marct\Documents\interactive-tv-wall\src\tvwall\rendering\output_renderer.py", line 75, in render
    program["u_tv_count"] = safe_count
    ~~~~~~~^^^^^^^^^^^^^^
  File "C:\Users\marct\Documents\interactive-tv-wall\.venv\Lib\site-packages\moderngl\__init__.py", line 415, in __setitem__
    self._members[key].value = value
    ~~~~~~~~~~~~~^^^^^
KeyError: 'u_tv_count'
2026-05-14 00:13:59,714 ERROR tvwall.window: Draw failed
Traceback (most recent call last):
  File "C:\Users\marct\Documents\interactive-tv-wall\src\tvwall\app\window.py", line 62, in on_draw
    self.output_renderer.ensure_source(state, self.source_service)
    ^^^^^^^^^^^^^^^^^^^^^^^^^^^^^^^^^^^^^^^^^^^^^^^^^^^^^^
  File "C:\Users\marct\Documents\interactive-tv-wall\src\tvwall\rendering\output_renderer.py", line 75, in render
    program["u_tv_count"] = safe_count
    ~~~~~~~^^^^^^^^^^^^^^
  File "C:\Users\marct\Documents\interactive-tv-wall\.venv\Lib\site-packages\moderngl\__init__.py", line 415, in __setitem__
    self._members[key].value = value
    ~~~~~~~~~~~~~^^^^^
KeyError: 'u_tv_count'
2026-05-14 00:13:59,779 ERROR tvwall.window: Draw failed
Traceback (most recent call last):
  File "C:\Users\marct\Documents\interactive-tv-wall\src\tvwall\app\window.py", line 62, in on_draw
    self.output_renderer.ensure_source(state, self.source_service)
    ^^^^^^^^^^^^^^^^^^^^^^^^^^^^^^^^^^^^^^^^^^^^^^^^^^^^^^
  File "C:\Users\marct\Documents\interactive-tv-wall\src\tvwall\rendering\output_renderer.py", line 75, in render
    program["u_tv_count"] = safe_count
    ~~~~~~~^^^^^^^^^^^^^^
  File "C:\Users\marct\Documents\interactive-tv-wall\.venv\Lib\site-packages\moderngl\__init__.py", line 415, in __setitem__
    self._members[key].value = value
    ~~~~~~~~~~~~~^^^^^
KeyError: 'u_tv_count'
2026-05-14 00:13:59,850 ERROR tvwall.window: Draw failed
Traceback (most recent call last):
  File "C:\Users\marct\Documents\interactive-tv-wall\src\tvwall\app\window.py", line 62, in on_draw
    self.output_renderer.ensure_source(state, self.source_service)
    ^^^^^^^^^^^^^^^^^^^^^^^^^^^^^^^^^^^^^^^^^^^^^^^^^^^^^^
  File "C:\Users\marct\Documents\interactive-tv-wall\src\tvwall\rendering\output_renderer.py", line 75, in render
    program["u_tv_count"] = safe_count
    ~~~~~~~^^^^^^^^^^^^^^
  File "C:\Users\marct\Documents\interactive-tv-wall\.venv\Lib\site-packages\moderngl\__init__.py", line 415, in __setitem__
    self._members[key].value = value
    ~~~~~~~~~~~~~^^^^^
KeyError: 'u_tv_count'
2026-05-14 00:13:59,915 ERROR tvwall.window: Draw failed
Traceback (most recent call last):
  File "C:\Users\marct\Documents\interactive-tv-wall\src\tvwall\app\window.py", line 62, in on_draw
    self.output_renderer.ensure_source(state, self.source_service)
    ^^^^^^^^^^^^^^^^^^^^^^^^^^^^^^^^^^^^^^^^^^^^^^^^^^^^^^
  File "C:\Users\marct\Documents\interactive-tv-wall\src\tvwall\rendering\output_renderer.py", line 75, in render
    program["u_tv_count"] = safe_count
    ~~~~~~~^^^^^^^^^^^^^^
  File "C:\Users\marct\Documents\interactive-tv-wall\.venv\Lib\site-packages\moderngl\__init__.py", line 415, in __setitem__
    self._members[key].value = value
    ~~~~~~~~~~~~~^^^^^
KeyError: 'u_tv_count'
2026-05-14 00:13:59,974 ERROR tvwall.window: Draw failed
Traceback (most recent call last):
  File "C:\Users\marct\Documents\interactive-tv-wall\src\tvwall\app\window.py", line 62, in on_draw
    self.output_renderer.ensure_source(state, self.source_service)
    ^^^^^^^^^^^^^^^^^^^^^^^^^^^^^^^^^^^^^^^^^^^^^^^^^^^^^^
  File "C:\Users\marct\Documents\interactive-tv-wall\src\tvwall\rendering\output_renderer.py", line 75, in render
    program["u_tv_count"] = safe_count
    ~~~~~~~^^^^^^^^^^^^^^
  File "C:\Users\marct\Documents\interactive-tv-wall\.venv\Lib\site-packages\moderngl\__init__.py", line 415, in __setitem__
    self._members[key].value = value
    ~~~~~~~~~~~~~^^^^^
KeyError: 'u_tv_count'
2026-05-14 00:14:00,040 ERROR tvwall.window: Draw failed
Traceback (most recent call last):
  File "C:\Users\marct\Documents\interactive-tv-wall\src\tvwall\app\window.py", line 62, in on_draw
    self.output_renderer.ensure_source(state, self.source_service)
    ^^^^^^^^^^^^^^^^^^^^^^^^^^^^^^^^^^^^^^^^^^^^^^^^^^^^^^
  File "C:\Users\marct\Documents\interactive-tv-wall\src\tvwall\rendering\output_renderer.py", line 75, in render
    program["u_tv_count"] = safe_count
    ~~~~~~~^^^^^^^^^^^^^^
  File "C:\Users\marct\Documents\interactive-tv-wall\.venv\Lib\site-packages\moderngl\__init__.py", line 415, in __setitem__
    self._members[key].value = value
    ~~~~~~~~~~~~~^^^^^
KeyError: 'u_tv_count'
2026-05-14 00:14:00,102 ERROR tvwall.window: Draw failed
Traceback (most recent call last):
  File "C:\Users\marct\Documents\interactive-tv-wall\src\tvwall\app\window.py", line 62, in on_draw
    self.output_renderer.ensure_source(state, self.source_service)
    ^^^^^^^^^^^^^^^^^^^^^^^^^^^^^^^^^^^^^^^^^^^^^^^^^^^^^^
  File "C:\Users\marct\Documents\interactive-tv-wall\src\tvwall\rendering\output_renderer.py", line 75, in render
    program["u_tv_count"] = safe_count
    ~~~~~~~^^^^^^^^^^^^^^
  File "C:\Users\marct\Documents\interactive-tv-wall\.venv\Lib\site-packages\moderngl\__init__.py", line 415, in __setitem__
    self._members[key].value = value
    ~~~~~~~~~~~~~^^^^^
KeyError: 'u_tv_count'
2026-05-14 00:14:00,156 ERROR tvwall.window: Draw failed
Traceback (most recent call last):
  File "C:\Users\marct\Documents\interactive-tv-wall\src\tvwall\app\window.py", line 62, in on_draw
    self.output_renderer.ensure_source(state, self.source_service)
    ^^^^^^^^^^^^^^^^^^^^^^^^^^^^^^^^^^^^^^^^^^^^^^^^^^^^^^
  File "C:\Users\marct\Documents\interactive-tv-wall\src\tvwall\rendering\output_renderer.py", line 75, in render
    program["u_tv_count"] = safe_count
    ~~~~~~~^^^^^^^^^^^^^^
  File "C:\Users\marct\Documents\interactive-tv-wall\.venv\Lib\site-packages\moderngl\__init__.py", line 415, in __setitem__
    self._members[key].value = value
    ~~~~~~~~~~~~~^^^^^
KeyError: 'u_tv_count'
2026-05-14 00:14:00,220 ERROR tvwall.window: Draw failed
Traceback (most recent call last):
  File "C:\Users\marct\Documents\interactive-tv-wall\src\tvwall\app\window.py", line 62, in on_draw
    self.output_renderer.ensure_source(state, self.source_service)
    ^^^^^^^^^^^^^^^^^^^^^^^^^^^^^^^^^^^^^^^^^^^^^^^^^^^^^^
  File "C:\Users\marct\Documents\interactive-tv-wall\src\tvwall\rendering\output_renderer.py", line 75, in render
    program["u_tv_count"] = safe_count
    ~~~~~~~^^^^^^^^^^^^^^
  File "C:\Users\marct\Documents\interactive-tv-wall\.venv\Lib\site-packages\moderngl\__init__.py", line 415, in __setitem__
    self._members[key].value = value
    ~~~~~~~~~~~~~^^^^^
KeyError: 'u_tv_count'
2026-05-14 00:14:00,277 ERROR tvwall.window: Draw failed
Traceback (most recent call last):
  File "C:\Users\marct\Documents\interactive-tv-wall\src\tvwall\app\window.py", line 62, in on_draw
    self.output_renderer.ensure_source(state, self.source_service)
    ^^^^^^^^^^^^^^^^^^^^^^^^^^^^^^^^^^^^^^^^^^^^^^^^^^^^^^
  File "C:\Users\marct\Documents\interactive-tv-wall\src\tvwall\rendering\output_renderer.py", line 75, in render
    program["u_tv_count"] = safe_count
    ~~~~~~~^^^^^^^^^^^^^^
  File "C:\Users\marct\Documents\interactive-tv-wall\.venv\Lib\site-packages\moderngl\__init__.py", line 415, in __setitem__
    self._members[key].value = value
    ~~~~~~~~~~~~~^^^^^
KeyError: 'u_tv_count'
2026-05-14 00:14:00,330 ERROR tvwall.window: Draw failed
Traceback (most recent call last):
  File "C:\Users\marct\Documents\interactive-tv-wall\src\tvwall\app\window.py", line 62, in on_draw
    self.output_renderer.ensure_source(state, self.source_service)
    ^^^^^^^^^^^^^^^^^^^^^^^^^^^^^^^^^^^^^^^^^^^^^^^^^^^^^^
  File "C:\Users\marct\Documents\interactive-tv-wall\src\tvwall\rendering\output_renderer.py", line 75, in render
    program["u_tv_count"] = safe_count
    ~~~~~~~^^^^^^^^^^^^^^
  File "C:\Users\marct\Documents\interactive-tv-wall\.venv\Lib\site-packages\moderngl\__init__.py", line 415, in __setitem__
    self._members[key].value = value
    ~~~~~~~~~~~~~^^^^^
KeyError: 'u_tv_count'
2026-05-14 00:14:00,401 ERROR tvwall.window: Draw failed
Traceback (most recent call last):
  File "C:\Users\marct\Documents\interactive-tv-wall\src\tvwall\app\window.py", line 62, in on_draw
    self.output_renderer.ensure_source(state, self.source_service)
    ^^^^^^^^^^^^^^^^^^^^^^^^^^^^^^^^^^^^^^^^^^^^^^^^^^^^^^
  File "C:\Users\marct\Documents\interactive-tv-wall\src\tvwall\rendering\output_renderer.py", line 75, in render
    program["u_tv_count"] = safe_count
    ~~~~~~~^^^^^^^^^^^^^^
  File "C:\Users\marct\Documents\interactive-tv-wall\.venv\Lib\site-packages\moderngl\__init__.py", line 415, in __setitem__
    self._members[key].value = value
    ~~~~~~~~~~~~~^^^^^
KeyError: 'u_tv_count'
2026-05-14 00:14:00,457 ERROR tvwall.window: Draw failed
Traceback (most recent call last):
  File "C:\Users\marct\Documents\interactive-tv-wall\src\tvwall\app\window.py", line 62, in on_draw
    self.output_renderer.ensure_source(state, self.source_service)
    ^^^^^^^^^^^^^^^^^^^^^^^^^^^^^^^^^^^^^^^^^^^^^^^^^^^^^^
  File "C:\Users\marct\Documents\interactive-tv-wall\src\tvwall\rendering\output_renderer.py", line 75, in render
    program["u_tv_count"] = safe_count
    ~~~~~~~^^^^^^^^^^^^^^
  File "C:\Users\marct\Documents\interactive-tv-wall\.venv\Lib\site-packages\moderngl\__init__.py", line 415, in __setitem__
    self._members[key].value = value
    ~~~~~~~~~~~~~^^^^^
KeyError: 'u_tv_count'
2026-05-14 00:14:00,517 ERROR tvwall.window: Draw failed
Traceback (most recent call last):
  File "C:\Users\marct\Documents\interactive-tv-wall\src\tvwall\app\window.py", line 62, in on_draw
    self.output_renderer.ensure_source(state, self.source_service)
    ^^^^^^^^^^^^^^^^^^^^^^^^^^^^^^^^^^^^^^^^^^^^^^^^^^^^^^
  File "C:\Users\marct\Documents\interactive-tv-wall\src\tvwall\rendering\output_renderer.py", line 75, in render
    program["u_tv_count"] = safe_count
    ~~~~~~~^^^^^^^^^^^^^^
  File "C:\Users\marct\Documents\interactive-tv-wall\.venv\Lib\site-packages\moderngl\__init__.py", line 415, in __setitem__
    self._members[key].value = value
    ~~~~~~~~~~~~~^^^^^
KeyError: 'u_tv_count'
2026-05-14 00:14:00,575 ERROR tvwall.window: Draw failed
Traceback (most recent call last):
  File "C:\Users\marct\Documents\interactive-tv-wall\src\tvwall\app\window.py", line 62, in on_draw
    self.output_renderer.ensure_source(state, self.source_service)
    ^^^^^^^^^^^^^^^^^^^^^^^^^^^^^^^^^^^^^^^^^^^^^^^^^^^^^^
  File "C:\Users\marct\Documents\interactive-tv-wall\src\tvwall\rendering\output_renderer.py", line 75, in render
    program["u_tv_count"] = safe_count
    ~~~~~~~^^^^^^^^^^^^^^
  File "C:\Users\marct\Documents\interactive-tv-wall\.venv\Lib\site-packages\moderngl\__init__.py", line 415, in __setitem__
    self._members[key].value = value
    ~~~~~~~~~~~~~^^^^^
KeyError: 'u_tv_count'
2026-05-14 00:14:00,633 ERROR tvwall.window: Draw failed
Traceback (most recent call last):
  File "C:\Users\marct\Documents\interactive-tv-wall\src\tvwall\app\window.py", line 62, in on_draw
    self.output_renderer.ensure_source(state, self.source_service)
    ^^^^^^^^^^^^^^^^^^^^^^^^^^^^^^^^^^^^^^^^^^^^^^^^^^^^^^
  File "C:\Users\marct\Documents\interactive-tv-wall\src\tvwall\rendering\output_renderer.py", line 75, in render
    program["u_tv_count"] = safe_count
    ~~~~~~~^^^^^^^^^^^^^^
  File "C:\Users\marct\Documents\interactive-tv-wall\.venv\Lib\site-packages\moderngl\__init__.py", line 415, in __setitem__
    self._members[key].value = value
    ~~~~~~~~~~~~~^^^^^
KeyError: 'u_tv_count'
2026-05-14 00:14:00,701 ERROR tvwall.window: Draw failed
Traceback (most recent call last):
  File "C:\Users\marct\Documents\interactive-tv-wall\src\tvwall\app\window.py", line 62, in on_draw
    self.output_renderer.ensure_source(state, self.source_service)
    ^^^^^^^^^^^^^^^^^^^^^^^^^^^^^^^^^^^^^^^^^^^^^^^^^^^^^^
  File "C:\Users\marct\Documents\interactive-tv-wall\src\tvwall\rendering\output_renderer.py", line 75, in render
    program["u_tv_count"] = safe_count
    ~~~~~~~^^^^^^^^^^^^^^
  File "C:\Users\marct\Documents\interactive-tv-wall\.venv\Lib\site-packages\moderngl\__init__.py", line 415, in __setitem__
    self._members[key].value = value
    ~~~~~~~~~~~~~^^^^^
KeyError: 'u_tv_count'
2026-05-14 00:14:00,755 ERROR tvwall.window: Draw failed
Traceback (most recent call last):
  File "C:\Users\marct\Documents\interactive-tv-wall\src\tvwall\app\window.py", line 62, in on_draw
    self.output_renderer.ensure_source(state, self.source_service)
    ^^^^^^^^^^^^^^^^^^^^^^^^^^^^^^^^^^^^^^^^^^^^^^^^^^^^^^
  File "C:\Users\marct\Documents\interactive-tv-wall\src\tvwall\rendering\output_renderer.py", line 75, in render
    program["u_tv_count"] = safe_count
    ~~~~~~~^^^^^^^^^^^^^^
  File "C:\Users\marct\Documents\interactive-tv-wall\.venv\Lib\site-packages\moderngl\__init__.py", line 415, in __setitem__
    self._members[key].value = value
    ~~~~~~~~~~~~~^^^^^
KeyError: 'u_tv_count'
2026-05-14 00:14:00,820 ERROR tvwall.window: Draw failed
Traceback (most recent call last):
  File "C:\Users\marct\Documents\interactive-tv-wall\src\tvwall\app\window.py", line 62, in on_draw
    self.output_renderer.ensure_source(state, self.source_service)
    ^^^^^^^^^^^^^^^^^^^^^^^^^^^^^^^^^^^^^^^^^^^^^^^^^^^^^^
  File "C:\Users\marct\Documents\interactive-tv-wall\src\tvwall\rendering\output_renderer.py", line 75, in render
    program["u_tv_count"] = safe_count
    ~~~~~~~^^^^^^^^^^^^^^
  File "C:\Users\marct\Documents\interactive-tv-wall\.venv\Lib\site-packages\moderngl\__init__.py", line 415, in __setitem__
    self._members[key].value = value
    ~~~~~~~~~~~~~^^^^^
KeyError: 'u_tv_count'
2026-05-14 00:14:00,874 ERROR tvwall.window: Draw failed
Traceback (most recent call last):
  File "C:\Users\marct\Documents\interactive-tv-wall\src\tvwall\app\window.py", line 62, in on_draw
    self.output_renderer.ensure_source(state, self.source_service)
    ^^^^^^^^^^^^^^^^^^^^^^^^^^^^^^^^^^^^^^^^^^^^^^^^^^^^^^
  File "C:\Users\marct\Documents\interactive-tv-wall\src\tvwall\rendering\output_renderer.py", line 75, in render
    program["u_tv_count"] = safe_count
    ~~~~~~~^^^^^^^^^^^^^^
  File "C:\Users\marct\Documents\interactive-tv-wall\.venv\Lib\site-packages\moderngl\__init__.py", line 415, in __setitem__
    self._members[key].value = value
    ~~~~~~~~~~~~~^^^^^
KeyError: 'u_tv_count'
2026-05-14 00:14:00,941 ERROR tvwall.window: Draw failed
Traceback (most recent call last):
  File "C:\Users\marct\Documents\interactive-tv-wall\src\tvwall\app\window.py", line 62, in on_draw
    self.output_renderer.ensure_source(state, self.source_service)
    ^^^^^^^^^^^^^^^^^^^^^^^^^^^^^^^^^^^^^^^^^^^^^^^^^^^^^^
  File "C:\Users\marct\Documents\interactive-tv-wall\src\tvwall\rendering\output_renderer.py", line 75, in render
    program["u_tv_count"] = safe_count
    ~~~~~~~^^^^^^^^^^^^^^
  File "C:\Users\marct\Documents\interactive-tv-wall\.venv\Lib\site-packages\moderngl\__init__.py", line 415, in __setitem__
    self._members[key].value = value
    ~~~~~~~~~~~~~^^^^^
KeyError: 'u_tv_count'
2026-05-14 00:14:01,040 ERROR tvwall.window: Draw failed
Traceback (most recent call last):
  File "C:\Users\marct\Documents\interactive-tv-wall\src\tvwall\app\window.py", line 62, in on_draw
    self.output_renderer.ensure_source(state, self.source_service)
    ^^^^^^^^^^^^^^^^^^^^^^^^^^^^^^^^^^^^^^^^^^^^^^^^^^^^^^
  File "C:\Users\marct\Documents\interactive-tv-wall\src\tvwall\rendering\output_renderer.py", line 75, in render
    program["u_tv_count"] = safe_count
    ~~~~~~~^^^^^^^^^^^^^^
  File "C:\Users\marct\Documents\interactive-tv-wall\.venv\Lib\site-packages\moderngl\__init__.py", line 415, in __setitem__
    self._members[key].value = value
    ~~~~~~~~~~~~~^^^^^
KeyError: 'u_tv_count'
2026-05-14 00:14:01,097 ERROR tvwall.window: Draw failed
Traceback (most recent call last):
  File "C:\Users\marct\Documents\interactive-tv-wall\src\tvwall\app\window.py", line 62, in on_draw
    self.output_renderer.ensure_source(state, self.source_service)
    ^^^^^^^^^^^^^^^^^^^^^^^^^^^^^^^^^^^^^^^^^^^^^^^^^^^^^^
  File "C:\Users\marct\Documents\interactive-tv-wall\src\tvwall\rendering\output_renderer.py", line 75, in render
    program["u_tv_count"] = safe_count
    ~~~~~~~^^^^^^^^^^^^^^
  File "C:\Users\marct\Documents\interactive-tv-wall\.venv\Lib\site-packages\moderngl\__init__.py", line 415, in __setitem__
    self._members[key].value = value
    ~~~~~~~~~~~~~^^^^^
KeyError: 'u_tv_count'
2026-05-14 00:14:01,152 ERROR tvwall.window: Draw failed
Traceback (most recent call last):
  File "C:\Users\marct\Documents\interactive-tv-wall\src\tvwall\app\window.py", line 62, in on_draw
    self.output_renderer.ensure_source(state, self.source_service)
    ^^^^^^^^^^^^^^^^^^^^^^^^^^^^^^^^^^^^^^^^^^^^^^^^^^^^^^
  File "C:\Users\marct\Documents\interactive-tv-wall\src\tvwall\rendering\output_renderer.py", line 75, in render
    program["u_tv_count"] = safe_count
    ~~~~~~~^^^^^^^^^^^^^^
  File "C:\Users\marct\Documents\interactive-tv-wall\.venv\Lib\site-packages\moderngl\__init__.py", line 415, in __setitem__
    self._members[key].value = value
    ~~~~~~~~~~~~~^^^^^
KeyError: 'u_tv_count'
2026-05-14 00:14:01,206 ERROR tvwall.window: Draw failed
Traceback (most recent call last):
  File "C:\Users\marct\Documents\interactive-tv-wall\src\tvwall\app\window.py", line 62, in on_draw
    self.output_renderer.ensure_source(state, self.source_service)
    ^^^^^^^^^^^^^^^^^^^^^^^^^^^^^^^^^^^^^^^^^^^^^^^^^^^^^^
  File "C:\Users\marct\Documents\interactive-tv-wall\src\tvwall\rendering\output_renderer.py", line 75, in render
    program["u_tv_count"] = safe_count
    ~~~~~~~^^^^^^^^^^^^^^
  File "C:\Users\marct\Documents\interactive-tv-wall\.venv\Lib\site-packages\moderngl\__init__.py", line 415, in __setitem__
    self._members[key].value = value
    ~~~~~~~~~~~~~^^^^^
KeyError: 'u_tv_count'
2026-05-14 00:14:01,288 ERROR tvwall.window: Draw failed
Traceback (most recent call last):
  File "C:\Users\marct\Documents\interactive-tv-wall\src\tvwall\app\window.py", line 62, in on_draw
    self.output_renderer.ensure_source(state, self.source_service)
    ^^^^^^^^^^^^^^^^^^^^^^^^^^^^^^^^^^^^^^^^^^^^^^^^^^^^^^
  File "C:\Users\marct\Documents\interactive-tv-wall\src\tvwall\rendering\output_renderer.py", line 75, in render
    program["u_tv_count"] = safe_count
    ~~~~~~~^^^^^^^^^^^^^^
  File "C:\Users\marct\Documents\interactive-tv-wall\.venv\Lib\site-packages\moderngl\__init__.py", line 415, in __setitem__
    self._members[key].value = value
    ~~~~~~~~~~~~~^^^^^
KeyError: 'u_tv_count'
2026-05-14 00:14:01,375 ERROR tvwall.window: Draw failed
Traceback (most recent call last):
  File "C:\Users\marct\Documents\interactive-tv-wall\src\tvwall\app\window.py", line 62, in on_draw
    self.output_renderer.ensure_source(state, self.source_service)
    ^^^^^^^^^^^^^^^^^^^^^^^^^^^^^^^^^^^^^^^^^^^^^^^^^^^^^^
  File "C:\Users\marct\Documents\interactive-tv-wall\src\tvwall\rendering\output_renderer.py", line 75, in render
    program["u_tv_count"] = safe_count
    ~~~~~~~^^^^^^^^^^^^^^
  File "C:\Users\marct\Documents\interactive-tv-wall\.venv\Lib\site-packages\moderngl\__init__.py", line 415, in __setitem__
    self._members[key].value = value
    ~~~~~~~~~~~~~^^^^^
KeyError: 'u_tv_count'
2026-05-14 00:14:01,453 ERROR tvwall.window: Draw failed
Traceback (most recent call last):
  File "C:\Users\marct\Documents\interactive-tv-wall\src\tvwall\app\window.py", line 62, in on_draw
    self.output_renderer.ensure_source(state, self.source_service)
    ^^^^^^^^^^^^^^^^^^^^^^^^^^^^^^^^^^^^^^^^^^^^^^^^^^^^^^
  File "C:\Users\marct\Documents\interactive-tv-wall\src\tvwall\rendering\output_renderer.py", line 75, in render
    program["u_tv_count"] = safe_count
    ~~~~~~~^^^^^^^^^^^^^^
  File "C:\Users\marct\Documents\interactive-tv-wall\.venv\Lib\site-packages\moderngl\__init__.py", line 415, in __setitem__
    self._members[key].value = value
    ~~~~~~~~~~~~~^^^^^
KeyError: 'u_tv_count'
2026-05-14 00:14:01,530 ERROR tvwall.window: Draw failed
Traceback (most recent call last):
  File "C:\Users\marct\Documents\interactive-tv-wall\src\tvwall\app\window.py", line 62, in on_draw
    self.output_renderer.ensure_source(state, self.source_service)
    ^^^^^^^^^^^^^^^^^^^^^^^^^^^^^^^^^^^^^^^^^^^^^^^^^^^^^^
  File "C:\Users\marct\Documents\interactive-tv-wall\src\tvwall\rendering\output_renderer.py", line 75, in render
    program["u_tv_count"] = safe_count
    ~~~~~~~^^^^^^^^^^^^^^
  File "C:\Users\marct\Documents\interactive-tv-wall\.venv\Lib\site-packages\moderngl\__init__.py", line 415, in __setitem__
    self._members[key].value = value
    ~~~~~~~~~~~~~^^^^^
KeyError: 'u_tv_count'
2026-05-14 00:14:01,583 ERROR tvwall.window: Draw failed
Traceback (most recent call last):
  File "C:\Users\marct\Documents\interactive-tv-wall\src\tvwall\app\window.py", line 62, in on_draw
    self.output_renderer.ensure_source(state, self.source_service)
    ^^^^^^^^^^^^^^^^^^^^^^^^^^^^^^^^^^^^^^^^^^^^^^^^^^^^^^
  File "C:\Users\marct\Documents\interactive-tv-wall\src\tvwall\rendering\output_renderer.py", line 75, in render
    program["u_tv_count"] = safe_count
    ~~~~~~~^^^^^^^^^^^^^^
  File "C:\Users\marct\Documents\interactive-tv-wall\.venv\Lib\site-packages\moderngl\__init__.py", line 415, in __setitem__
    self._members[key].value = value
    ~~~~~~~~~~~~~^^^^^
KeyError: 'u_tv_count'
2026-05-14 00:14:01,639 ERROR tvwall.window: Draw failed
Traceback (most recent call last):
  File "C:\Users\marct\Documents\interactive-tv-wall\src\tvwall\app\window.py", line 62, in on_draw
    self.output_renderer.ensure_source(state, self.source_service)
    ^^^^^^^^^^^^^^^^^^^^^^^^^^^^^^^^^^^^^^^^^^^^^^^^^^^^^^
  File "C:\Users\marct\Documents\interactive-tv-wall\src\tvwall\rendering\output_renderer.py", line 75, in render
    program["u_tv_count"] = safe_count
    ~~~~~~~^^^^^^^^^^^^^^
  File "C:\Users\marct\Documents\interactive-tv-wall\.venv\Lib\site-packages\moderngl\__init__.py", line 415, in __setitem__
    self._members[key].value = value
    ~~~~~~~~~~~~~^^^^^
KeyError: 'u_tv_count'
2026-05-14 00:14:01,700 ERROR tvwall.window: Draw failed
Traceback (most recent call last):
  File "C:\Users\marct\Documents\interactive-tv-wall\src\tvwall\app\window.py", line 62, in on_draw
    self.output_renderer.ensure_source(state, self.source_service)
    ^^^^^^^^^^^^^^^^^^^^^^^^^^^^^^^^^^^^^^^^^^^^^^^^^^^^^^
  File "C:\Users\marct\Documents\interactive-tv-wall\src\tvwall\rendering\output_renderer.py", line 75, in render
    program["u_tv_count"] = safe_count
    ~~~~~~~^^^^^^^^^^^^^^
  File "C:\Users\marct\Documents\interactive-tv-wall\.venv\Lib\site-packages\moderngl\__init__.py", line 415, in __setitem__
    self._members[key].value = value
    ~~~~~~~~~~~~~^^^^^
KeyError: 'u_tv_count'
2026-05-14 00:14:01,755 ERROR tvwall.window: Draw failed
Traceback (most recent call last):
  File "C:\Users\marct\Documents\interactive-tv-wall\src\tvwall\app\window.py", line 62, in on_draw
    self.output_renderer.ensure_source(state, self.source_service)
    ^^^^^^^^^^^^^^^^^^^^^^^^^^^^^^^^^^^^^^^^^^^^^^^^^^^^^^
  File "C:\Users\marct\Documents\interactive-tv-wall\src\tvwall\rendering\output_renderer.py", line 75, in render
    program["u_tv_count"] = safe_count
    ~~~~~~~^^^^^^^^^^^^^^
  File "C:\Users\marct\Documents\interactive-tv-wall\.venv\Lib\site-packages\moderngl\__init__.py", line 415, in __setitem__
    self._members[key].value = value
    ~~~~~~~~~~~~~^^^^^
KeyError: 'u_tv_count'
2026-05-14 00:14:01,814 ERROR tvwall.window: Draw failed
Traceback (most recent call last):
  File "C:\Users\marct\Documents\interactive-tv-wall\src\tvwall\app\window.py", line 62, in on_draw
    self.output_renderer.ensure_source(state, self.source_service)
    ^^^^^^^^^^^^^^^^^^^^^^^^^^^^^^^^^^^^^^^^^^^^^^^^^^^^^^
  File "C:\Users\marct\Documents\interactive-tv-wall\src\tvwall\rendering\output_renderer.py", line 75, in render
    program["u_tv_count"] = safe_count
    ~~~~~~~^^^^^^^^^^^^^^
  File "C:\Users\marct\Documents\interactive-tv-wall\.venv\Lib\site-packages\moderngl\__init__.py", line 415, in __setitem__
    self._members[key].value = value
    ~~~~~~~~~~~~~^^^^^
KeyError: 'u_tv_count'
2026-05-14 00:14:01,870 ERROR tvwall.window: Draw failed
Traceback (most recent call last):
  File "C:\Users\marct\Documents\interactive-tv-wall\src\tvwall\app\window.py", line 62, in on_draw
    self.output_renderer.ensure_source(state, self.source_service)
    ^^^^^^^^^^^^^^^^^^^^^^^^^^^^^^^^^^^^^^^^^^^^^^^^^^^^^^
  File "C:\Users\marct\Documents\interactive-tv-wall\src\tvwall\rendering\output_renderer.py", line 75, in render
    program["u_tv_count"] = safe_count
    ~~~~~~~^^^^^^^^^^^^^^
  File "C:\Users\marct\Documents\interactive-tv-wall\.venv\Lib\site-packages\moderngl\__init__.py", line 415, in __setitem__
    self._members[key].value = value
    ~~~~~~~~~~~~~^^^^^
KeyError: 'u_tv_count'
2026-05-14 00:14:01,929 ERROR tvwall.window: Draw failed
Traceback (most recent call last):
  File "C:\Users\marct\Documents\interactive-tv-wall\src\tvwall\app\window.py", line 62, in on_draw
    self.output_renderer.ensure_source(state, self.source_service)
    ^^^^^^^^^^^^^^^^^^^^^^^^^^^^^^^^^^^^^^^^^^^^^^^^^^^^^^
  File "C:\Users\marct\Documents\interactive-tv-wall\src\tvwall\rendering\output_renderer.py", line 75, in render
    program["u_tv_count"] = safe_count
    ~~~~~~~^^^^^^^^^^^^^^
  File "C:\Users\marct\Documents\interactive-tv-wall\.venv\Lib\site-packages\moderngl\__init__.py", line 415, in __setitem__
    self._members[key].value = value
    ~~~~~~~~~~~~~^^^^^
KeyError: 'u_tv_count'
2026-05-14 00:14:01,988 ERROR tvwall.window: Draw failed
Traceback (most recent call last):
  File "C:\Users\marct\Documents\interactive-tv-wall\src\tvwall\app\window.py", line 62, in on_draw
    self.output_renderer.ensure_source(state, self.source_service)
    ^^^^^^^^^^^^^^^^^^^^^^^^^^^^^^^^^^^^^^^^^^^^^^^^^^^^^^
  File "C:\Users\marct\Documents\interactive-tv-wall\src\tvwall\rendering\output_renderer.py", line 75, in render
    program["u_tv_count"] = safe_count
    ~~~~~~~^^^^^^^^^^^^^^
  File "C:\Users\marct\Documents\interactive-tv-wall\.venv\Lib\site-packages\moderngl\__init__.py", line 415, in __setitem__
    self._members[key].value = value
    ~~~~~~~~~~~~~^^^^^
KeyError: 'u_tv_count'
2026-05-14 00:14:02,046 ERROR tvwall.window: Draw failed
Traceback (most recent call last):
  File "C:\Users\marct\Documents\interactive-tv-wall\src\tvwall\app\window.py", line 62, in on_draw
    self.output_renderer.ensure_source(state, self.source_service)
    ^^^^^^^^^^^^^^^^^^^^^^^^^^^^^^^^^^^^^^^^^^^^^^^^^^^^^^
  File "C:\Users\marct\Documents\interactive-tv-wall\src\tvwall\rendering\output_renderer.py", line 75, in render
    program["u_tv_count"] = safe_count
    ~~~~~~~^^^^^^^^^^^^^^
  File "C:\Users\marct\Documents\interactive-tv-wall\.venv\Lib\site-packages\moderngl\__init__.py", line 415, in __setitem__
    self._members[key].value = value
    ~~~~~~~~~~~~~^^^^^
KeyError: 'u_tv_count'
2026-05-14 00:14:02,119 ERROR tvwall.window: Draw failed
Traceback (most recent call last):
  File "C:\Users\marct\Documents\interactive-tv-wall\src\tvwall\app\window.py", line 62, in on_draw
    self.output_renderer.ensure_source(state, self.source_service)
    ^^^^^^^^^^^^^^^^^^^^^^^^^^^^^^^^^^^^^^^^^^^^^^^^^^^^^^
  File "C:\Users\marct\Documents\interactive-tv-wall\src\tvwall\rendering\output_renderer.py", line 75, in render
    program["u_tv_count"] = safe_count
    ~~~~~~~^^^^^^^^^^^^^^
  File "C:\Users\marct\Documents\interactive-tv-wall\.venv\Lib\site-packages\moderngl\__init__.py", line 415, in __setitem__
    self._members[key].value = value
    ~~~~~~~~~~~~~^^^^^
KeyError: 'u_tv_count'
2026-05-14 00:14:02,179 ERROR tvwall.window: Draw failed
Traceback (most recent call last):
  File "C:\Users\marct\Documents\interactive-tv-wall\src\tvwall\app\window.py", line 62, in on_draw
    self.output_renderer.ensure_source(state, self.source_service)
    ^^^^^^^^^^^^^^^^^^^^^^^^^^^^^^^^^^^^^^^^^^^^^^^^^^^^^^
  File "C:\Users\marct\Documents\interactive-tv-wall\src\tvwall\rendering\output_renderer.py", line 75, in render
    program["u_tv_count"] = safe_count
    ~~~~~~~^^^^^^^^^^^^^^
  File "C:\Users\marct\Documents\interactive-tv-wall\.venv\Lib\site-packages\moderngl\__init__.py", line 415, in __setitem__
    self._members[key].value = value
    ~~~~~~~~~~~~~^^^^^
KeyError: 'u_tv_count'
2026-05-14 00:14:02,240 ERROR tvwall.window: Draw failed
Traceback (most recent call last):
  File "C:\Users\marct\Documents\interactive-tv-wall\src\tvwall\app\window.py", line 62, in on_draw
    self.output_renderer.ensure_source(state, self.source_service)
    ^^^^^^^^^^^^^^^^^^^^^^^^^^^^^^^^^^^^^^^^^^^^^^^^^^^^^^
  File "C:\Users\marct\Documents\interactive-tv-wall\src\tvwall\rendering\output_renderer.py", line 75, in render
    program["u_tv_count"] = safe_count
    ~~~~~~~^^^^^^^^^^^^^^
  File "C:\Users\marct\Documents\interactive-tv-wall\.venv\Lib\site-packages\moderngl\__init__.py", line 415, in __setitem__
    self._members[key].value = value
    ~~~~~~~~~~~~~^^^^^
KeyError: 'u_tv_count'
2026-05-14 00:14:02,328 ERROR tvwall.window: Draw failed
Traceback (most recent call last):
  File "C:\Users\marct\Documents\interactive-tv-wall\src\tvwall\app\window.py", line 62, in on_draw
    self.output_renderer.ensure_source(state, self.source_service)
    ^^^^^^^^^^^^^^^^^^^^^^^^^^^^^^^^^^^^^^^^^^^^^^^^^^^^^^
  File "C:\Users\marct\Documents\interactive-tv-wall\src\tvwall\rendering\output_renderer.py", line 75, in render
    program["u_tv_count"] = safe_count
    ~~~~~~~^^^^^^^^^^^^^^
  File "C:\Users\marct\Documents\interactive-tv-wall\.venv\Lib\site-packages\moderngl\__init__.py", line 415, in __setitem__
    self._members[key].value = value
    ~~~~~~~~~~~~~^^^^^
KeyError: 'u_tv_count'
2026-05-14 00:14:02,387 ERROR tvwall.window: Draw failed
Traceback (most recent call last):
  File "C:\Users\marct\Documents\interactive-tv-wall\src\tvwall\app\window.py", line 62, in on_draw
    self.output_renderer.ensure_source(state, self.source_service)
    ^^^^^^^^^^^^^^^^^^^^^^^^^^^^^^^^^^^^^^^^^^^^^^^^^^^^^^
  File "C:\Users\marct\Documents\interactive-tv-wall\src\tvwall\rendering\output_renderer.py", line 75, in render
    program["u_tv_count"] = safe_count
    ~~~~~~~^^^^^^^^^^^^^^
  File "C:\Users\marct\Documents\interactive-tv-wall\.venv\Lib\site-packages\moderngl\__init__.py", line 415, in __setitem__
    self._members[key].value = value
    ~~~~~~~~~~~~~^^^^^
KeyError: 'u_tv_count'
2026-05-14 00:14:02,451 ERROR tvwall.window: Draw failed
Traceback (most recent call last):
  File "C:\Users\marct\Documents\interactive-tv-wall\src\tvwall\app\window.py", line 62, in on_draw
    self.output_renderer.ensure_source(state, self.source_service)
    ^^^^^^^^^^^^^^^^^^^^^^^^^^^^^^^^^^^^^^^^^^^^^^^^^^^^^^
  File "C:\Users\marct\Documents\interactive-tv-wall\src\tvwall\rendering\output_renderer.py", line 75, in render
    program["u_tv_count"] = safe_count
    ~~~~~~~^^^^^^^^^^^^^^
  File "C:\Users\marct\Documents\interactive-tv-wall\.venv\Lib\site-packages\moderngl\__init__.py", line 415, in __setitem__
    self._members[key].value = value
    ~~~~~~~~~~~~~^^^^^
KeyError: 'u_tv_count'
2026-05-14 00:14:02,506 ERROR tvwall.window: Draw failed
Traceback (most recent call last):
  File "C:\Users\marct\Documents\interactive-tv-wall\src\tvwall\app\window.py", line 62, in on_draw
    self.output_renderer.ensure_source(state, self.source_service)
    ^^^^^^^^^^^^^^^^^^^^^^^^^^^^^^^^^^^^^^^^^^^^^^^^^^^^^^
  File "C:\Users\marct\Documents\interactive-tv-wall\src\tvwall\rendering\output_renderer.py", line 75, in render
    program["u_tv_count"] = safe_count
    ~~~~~~~^^^^^^^^^^^^^^
  File "C:\Users\marct\Documents\interactive-tv-wall\.venv\Lib\site-packages\moderngl\__init__.py", line 415, in __setitem__
    self._members[key].value = value
    ~~~~~~~~~~~~~^^^^^
KeyError: 'u_tv_count'
2026-05-14 00:14:02,568 ERROR tvwall.window: Draw failed
Traceback (most recent call last):
  File "C:\Users\marct\Documents\interactive-tv-wall\src\tvwall\app\window.py", line 62, in on_draw
    self.output_renderer.ensure_source(state, self.source_service)
    ^^^^^^^^^^^^^^^^^^^^^^^^^^^^^^^^^^^^^^^^^^^^^^^^^^^^^^
  File "C:\Users\marct\Documents\interactive-tv-wall\src\tvwall\rendering\output_renderer.py", line 75, in render
    program["u_tv_count"] = safe_count
    ~~~~~~~^^^^^^^^^^^^^^
  File "C:\Users\marct\Documents\interactive-tv-wall\.venv\Lib\site-packages\moderngl\__init__.py", line 415, in __setitem__
    self._members[key].value = value
    ~~~~~~~~~~~~~^^^^^
KeyError: 'u_tv_count'
2026-05-14 00:14:02,622 ERROR tvwall.window: Draw failed
Traceback (most recent call last):
  File "C:\Users\marct\Documents\interactive-tv-wall\src\tvwall\app\window.py", line 62, in on_draw
    self.output_renderer.ensure_source(state, self.source_service)
    ^^^^^^^^^^^^^^^^^^^^^^^^^^^^^^^^^^^^^^^^^^^^^^^^^^^^^^
  File "C:\Users\marct\Documents\interactive-tv-wall\src\tvwall\rendering\output_renderer.py", line 75, in render
    program["u_tv_count"] = safe_count
    ~~~~~~~^^^^^^^^^^^^^^
  File "C:\Users\marct\Documents\interactive-tv-wall\.venv\Lib\site-packages\moderngl\__init__.py", line 415, in __setitem__
    self._members[key].value = value
    ~~~~~~~~~~~~~^^^^^
KeyError: 'u_tv_count'
2026-05-14 00:14:02,679 ERROR tvwall.window: Draw failed
Traceback (most recent call last):
  File "C:\Users\marct\Documents\interactive-tv-wall\src\tvwall\app\window.py", line 62, in on_draw
    self.output_renderer.ensure_source(state, self.source_service)
    ^^^^^^^^^^^^^^^^^^^^^^^^^^^^^^^^^^^^^^^^^^^^^^^^^^^^^^
  File "C:\Users\marct\Documents\interactive-tv-wall\src\tvwall\rendering\output_renderer.py", line 75, in render
    program["u_tv_count"] = safe_count
    ~~~~~~~^^^^^^^^^^^^^^
  File "C:\Users\marct\Documents\interactive-tv-wall\.venv\Lib\site-packages\moderngl\__init__.py", line 415, in __setitem__
    self._members[key].value = value
    ~~~~~~~~~~~~~^^^^^
KeyError: 'u_tv_count'
2026-05-14 00:14:02,740 ERROR tvwall.window: Draw failed
Traceback (most recent call last):
  File "C:\Users\marct\Documents\interactive-tv-wall\src\tvwall\app\window.py", line 62, in on_draw
    self.output_renderer.ensure_source(state, self.source_service)
    ^^^^^^^^^^^^^^^^^^^^^^^^^^^^^^^^^^^^^^^^^^^^^^^^^^^^^^
  File "C:\Users\marct\Documents\interactive-tv-wall\src\tvwall\rendering\output_renderer.py", line 75, in render
    program["u_tv_count"] = safe_count
    ~~~~~~~^^^^^^^^^^^^^^
  File "C:\Users\marct\Documents\interactive-tv-wall\.venv\Lib\site-packages\moderngl\__init__.py", line 415, in __setitem__
    self._members[key].value = value
    ~~~~~~~~~~~~~^^^^^
KeyError: 'u_tv_count'
2026-05-14 00:14:02,796 ERROR tvwall.window: Draw failed
Traceback (most recent call last):
  File "C:\Users\marct\Documents\interactive-tv-wall\src\tvwall\app\window.py", line 62, in on_draw
    self.output_renderer.ensure_source(state, self.source_service)
    ^^^^^^^^^^^^^^^^^^^^^^^^^^^^^^^^^^^^^^^^^^^^^^^^^^^^^^
  File "C:\Users\marct\Documents\interactive-tv-wall\src\tvwall\rendering\output_renderer.py", line 75, in render
    program["u_tv_count"] = safe_count
    ~~~~~~~^^^^^^^^^^^^^^
  File "C:\Users\marct\Documents\interactive-tv-wall\.venv\Lib\site-packages\moderngl\__init__.py", line 415, in __setitem__
    self._members[key].value = value
    ~~~~~~~~~~~~~^^^^^
KeyError: 'u_tv_count'
2026-05-14 00:14:02,856 ERROR tvwall.window: Draw failed
Traceback (most recent call last):
  File "C:\Users\marct\Documents\interactive-tv-wall\src\tvwall\app\window.py", line 62, in on_draw
    self.output_renderer.ensure_source(state, self.source_service)
    ^^^^^^^^^^^^^^^^^^^^^^^^^^^^^^^^^^^^^^^^^^^^^^^^^^^^^^
  File "C:\Users\marct\Documents\interactive-tv-wall\src\tvwall\rendering\output_renderer.py", line 75, in render
    program["u_tv_count"] = safe_count
    ~~~~~~~^^^^^^^^^^^^^^
  File "C:\Users\marct\Documents\interactive-tv-wall\.venv\Lib\site-packages\moderngl\__init__.py", line 415, in __setitem__
    self._members[key].value = value
    ~~~~~~~~~~~~~^^^^^
KeyError: 'u_tv_count'
2026-05-14 00:14:02,926 ERROR tvwall.window: Draw failed
Traceback (most recent call last):
  File "C:\Users\marct\Documents\interactive-tv-wall\src\tvwall\app\window.py", line 62, in on_draw
    self.output_renderer.ensure_source(state, self.source_service)
    ^^^^^^^^^^^^^^^^^^^^^^^^^^^^^^^^^^^^^^^^^^^^^^^^^^^^^^
  File "C:\Users\marct\Documents\interactive-tv-wall\src\tvwall\rendering\output_renderer.py", line 75, in render
    program["u_tv_count"] = safe_count
    ~~~~~~~^^^^^^^^^^^^^^
  File "C:\Users\marct\Documents\interactive-tv-wall\.venv\Lib\site-packages\moderngl\__init__.py", line 415, in __setitem__
    self._members[key].value = value
    ~~~~~~~~~~~~~^^^^^
KeyError: 'u_tv_count'
2026-05-14 00:14:02,992 ERROR tvwall.window: Draw failed
Traceback (most recent call last):
  File "C:\Users\marct\Documents\interactive-tv-wall\src\tvwall\app\window.py", line 62, in on_draw
    self.output_renderer.ensure_source(state, self.source_service)
    ^^^^^^^^^^^^^^^^^^^^^^^^^^^^^^^^^^^^^^^^^^^^^^^^^^^^^^
  File "C:\Users\marct\Documents\interactive-tv-wall\src\tvwall\rendering\output_renderer.py", line 75, in render
    program["u_tv_count"] = safe_count
    ~~~~~~~^^^^^^^^^^^^^^
  File "C:\Users\marct\Documents\interactive-tv-wall\.venv\Lib\site-packages\moderngl\__init__.py", line 415, in __setitem__
    self._members[key].value = value
    ~~~~~~~~~~~~~^^^^^
KeyError: 'u_tv_count'
2026-05-14 00:14:03,051 ERROR tvwall.window: Draw failed
Traceback (most recent call last):
  File "C:\Users\marct\Documents\interactive-tv-wall\src\tvwall\app\window.py", line 62, in on_draw
    self.output_renderer.ensure_source(state, self.source_service)
    ^^^^^^^^^^^^^^^^^^^^^^^^^^^^^^^^^^^^^^^^^^^^^^^^^^^^^^
  File "C:\Users\marct\Documents\interactive-tv-wall\src\tvwall\rendering\output_renderer.py", line 75, in render
    program["u_tv_count"] = safe_count
    ~~~~~~~^^^^^^^^^^^^^^
  File "C:\Users\marct\Documents\interactive-tv-wall\.venv\Lib\site-packages\moderngl\__init__.py", line 415, in __setitem__
    self._members[key].value = value
    ~~~~~~~~~~~~~^^^^^
KeyError: 'u_tv_count'
2026-05-14 00:14:03,145 ERROR tvwall.window: Draw failed
Traceback (most recent call last):
  File "C:\Users\marct\Documents\interactive-tv-wall\src\tvwall\app\window.py", line 62, in on_draw
    self.output_renderer.ensure_source(state, self.source_service)
    ^^^^^^^^^^^^^^^^^^^^^^^^^^^^^^^^^^^^^^^^^^^^^^^^^^^^^^
  File "C:\Users\marct\Documents\interactive-tv-wall\src\tvwall\rendering\output_renderer.py", line 75, in render
    program["u_tv_count"] = safe_count
    ~~~~~~~^^^^^^^^^^^^^^
  File "C:\Users\marct\Documents\interactive-tv-wall\.venv\Lib\site-packages\moderngl\__init__.py", line 415, in __setitem__
    self._members[key].value = value
    ~~~~~~~~~~~~~^^^^^
KeyError: 'u_tv_count'
2026-05-14 00:14:03,197 ERROR tvwall.window: Draw failed
Traceback (most recent call last):
  File "C:\Users\marct\Documents\interactive-tv-wall\src\tvwall\app\window.py", line 62, in on_draw
    self.output_renderer.ensure_source(state, self.source_service)
    ^^^^^^^^^^^^^^^^^^^^^^^^^^^^^^^^^^^^^^^^^^^^^^^^^^^^^^
  File "C:\Users\marct\Documents\interactive-tv-wall\src\tvwall\rendering\output_renderer.py", line 75, in render
    program["u_tv_count"] = safe_count
    ~~~~~~~^^^^^^^^^^^^^^
  File "C:\Users\marct\Documents\interactive-tv-wall\.venv\Lib\site-packages\moderngl\__init__.py", line 415, in __setitem__
    self._members[key].value = value
    ~~~~~~~~~~~~~^^^^^
KeyError: 'u_tv_count'
2026-05-14 00:14:03,257 ERROR tvwall.window: Draw failed
Traceback (most recent call last):
  File "C:\Users\marct\Documents\interactive-tv-wall\src\tvwall\app\window.py", line 62, in on_draw
    self.output_renderer.ensure_source(state, self.source_service)
    ^^^^^^^^^^^^^^^^^^^^^^^^^^^^^^^^^^^^^^^^^^^^^^^^^^^^^^
  File "C:\Users\marct\Documents\interactive-tv-wall\src\tvwall\rendering\output_renderer.py", line 75, in render
    program["u_tv_count"] = safe_count
    ~~~~~~~^^^^^^^^^^^^^^
  File "C:\Users\marct\Documents\interactive-tv-wall\.venv\Lib\site-packages\moderngl\__init__.py", line 415, in __setitem__
    self._members[key].value = value
    ~~~~~~~~~~~~~^^^^^
KeyError: 'u_tv_count'
2026-05-14 00:14:03,314 ERROR tvwall.window: Draw failed
Traceback (most recent call last):
  File "C:\Users\marct\Documents\interactive-tv-wall\src\tvwall\app\window.py", line 62, in on_draw
    self.output_renderer.ensure_source(state, self.source_service)
    ^^^^^^^^^^^^^^^^^^^^^^^^^^^^^^^^^^^^^^^^^^^^^^^^^^^^^^
  File "C:\Users\marct\Documents\interactive-tv-wall\src\tvwall\rendering\output_renderer.py", line 75, in render
    program["u_tv_count"] = safe_count
    ~~~~~~~^^^^^^^^^^^^^^
  File "C:\Users\marct\Documents\interactive-tv-wall\.venv\Lib\site-packages\moderngl\__init__.py", line 415, in __setitem__
    self._members[key].value = value
    ~~~~~~~~~~~~~^^^^^
KeyError: 'u_tv_count'
2026-05-14 00:14:03,371 ERROR tvwall.window: Draw failed
Traceback (most recent call last):
  File "C:\Users\marct\Documents\interactive-tv-wall\src\tvwall\app\window.py", line 62, in on_draw
    self.output_renderer.ensure_source(state, self.source_service)
    ^^^^^^^^^^^^^^^^^^^^^^^^^^^^^^^^^^^^^^^^^^^^^^^^^^^^^^
  File "C:\Users\marct\Documents\interactive-tv-wall\src\tvwall\rendering\output_renderer.py", line 75, in render
    program["u_tv_count"] = safe_count
    ~~~~~~~^^^^^^^^^^^^^^
  File "C:\Users\marct\Documents\interactive-tv-wall\.venv\Lib\site-packages\moderngl\__init__.py", line 415, in __setitem__
    self._members[key].value = value
    ~~~~~~~~~~~~~^^^^^
KeyError: 'u_tv_count'
2026-05-14 00:14:03,437 ERROR tvwall.window: Draw failed
Traceback (most recent call last):
  File "C:\Users\marct\Documents\interactive-tv-wall\src\tvwall\app\window.py", line 62, in on_draw
    self.output_renderer.ensure_source(state, self.source_service)
    ^^^^^^^^^^^^^^^^^^^^^^^^^^^^^^^^^^^^^^^^^^^^^^^^^^^^^^
  File "C:\Users\marct\Documents\interactive-tv-wall\src\tvwall\rendering\output_renderer.py", line 75, in render
    program["u_tv_count"] = safe_count
    ~~~~~~~^^^^^^^^^^^^^^
  File "C:\Users\marct\Documents\interactive-tv-wall\.venv\Lib\site-packages\moderngl\__init__.py", line 415, in __setitem__
    self._members[key].value = value
    ~~~~~~~~~~~~~^^^^^
KeyError: 'u_tv_count'
2026-05-14 00:14:03,495 ERROR tvwall.window: Draw failed
Traceback (most recent call last):
  File "C:\Users\marct\Documents\interactive-tv-wall\src\tvwall\app\window.py", line 62, in on_draw
    self.output_renderer.ensure_source(state, self.source_service)
    ^^^^^^^^^^^^^^^^^^^^^^^^^^^^^^^^^^^^^^^^^^^^^^^^^^^^^^
  File "C:\Users\marct\Documents\interactive-tv-wall\src\tvwall\rendering\output_renderer.py", line 75, in render
    program["u_tv_count"] = safe_count
    ~~~~~~~^^^^^^^^^^^^^^
  File "C:\Users\marct\Documents\interactive-tv-wall\.venv\Lib\site-packages\moderngl\__init__.py", line 415, in __setitem__
    self._members[key].value = value
    ~~~~~~~~~~~~~^^^^^
KeyError: 'u_tv_count'
2026-05-14 00:14:03,559 ERROR tvwall.window: Draw failed
Traceback (most recent call last):
  File "C:\Users\marct\Documents\interactive-tv-wall\src\tvwall\app\window.py", line 62, in on_draw
    self.output_renderer.ensure_source(state, self.source_service)
    ^^^^^^^^^^^^^^^^^^^^^^^^^^^^^^^^^^^^^^^^^^^^^^^^^^^^^^
  File "C:\Users\marct\Documents\interactive-tv-wall\src\tvwall\rendering\output_renderer.py", line 75, in render
    program["u_tv_count"] = safe_count
    ~~~~~~~^^^^^^^^^^^^^^
  File "C:\Users\marct\Documents\interactive-tv-wall\.venv\Lib\site-packages\moderngl\__init__.py", line 415, in __setitem__
    self._members[key].value = value
    ~~~~~~~~~~~~~^^^^^
KeyError: 'u_tv_count'
2026-05-14 00:14:03,619 ERROR tvwall.window: Draw failed
Traceback (most recent call last):
  File "C:\Users\marct\Documents\interactive-tv-wall\src\tvwall\app\window.py", line 62, in on_draw
    self.output_renderer.ensure_source(state, self.source_service)
    ^^^^^^^^^^^^^^^^^^^^^^^^^^^^^^^^^^^^^^^^^^^^^^^^^^^^^^
  File "C:\Users\marct\Documents\interactive-tv-wall\src\tvwall\rendering\output_renderer.py", line 75, in render
    program["u_tv_count"] = safe_count
    ~~~~~~~^^^^^^^^^^^^^^
  File "C:\Users\marct\Documents\interactive-tv-wall\.venv\Lib\site-packages\moderngl\__init__.py", line 415, in __setitem__
    self._members[key].value = value
    ~~~~~~~~~~~~~^^^^^
KeyError: 'u_tv_count'
2026-05-14 00:14:03,680 ERROR tvwall.window: Draw failed
Traceback (most recent call last):
  File "C:\Users\marct\Documents\interactive-tv-wall\src\tvwall\app\window.py", line 62, in on_draw
    self.output_renderer.ensure_source(state, self.source_service)
    ^^^^^^^^^^^^^^^^^^^^^^^^^^^^^^^^^^^^^^^^^^^^^^^^^^^^^^
  File "C:\Users\marct\Documents\interactive-tv-wall\src\tvwall\rendering\output_renderer.py", line 75, in render
    program["u_tv_count"] = safe_count
    ~~~~~~~^^^^^^^^^^^^^^
  File "C:\Users\marct\Documents\interactive-tv-wall\.venv\Lib\site-packages\moderngl\__init__.py", line 415, in __setitem__
    self._members[key].value = value
    ~~~~~~~~~~~~~^^^^^
KeyError: 'u_tv_count'
2026-05-14 00:14:03,741 ERROR tvwall.window: Draw failed
Traceback (most recent call last):
  File "C:\Users\marct\Documents\interactive-tv-wall\src\tvwall\app\window.py", line 62, in on_draw
    self.output_renderer.ensure_source(state, self.source_service)
    ^^^^^^^^^^^^^^^^^^^^^^^^^^^^^^^^^^^^^^^^^^^^^^^^^^^^^^
  File "C:\Users\marct\Documents\interactive-tv-wall\src\tvwall\rendering\output_renderer.py", line 75, in render
    program["u_tv_count"] = safe_count
    ~~~~~~~^^^^^^^^^^^^^^
  File "C:\Users\marct\Documents\interactive-tv-wall\.venv\Lib\site-packages\moderngl\__init__.py", line 415, in __setitem__
    self._members[key].value = value
    ~~~~~~~~~~~~~^^^^^
KeyError: 'u_tv_count'
2026-05-14 00:14:03,797 ERROR tvwall.window: Draw failed
Traceback (most recent call last):
  File "C:\Users\marct\Documents\interactive-tv-wall\src\tvwall\app\window.py", line 62, in on_draw
    self.output_renderer.ensure_source(state, self.source_service)
    ^^^^^^^^^^^^^^^^^^^^^^^^^^^^^^^^^^^^^^^^^^^^^^^^^^^^^^
  File "C:\Users\marct\Documents\interactive-tv-wall\src\tvwall\rendering\output_renderer.py", line 75, in render
    program["u_tv_count"] = safe_count
    ~~~~~~~^^^^^^^^^^^^^^
  File "C:\Users\marct\Documents\interactive-tv-wall\.venv\Lib\site-packages\moderngl\__init__.py", line 415, in __setitem__
    self._members[key].value = value
    ~~~~~~~~~~~~~^^^^^
KeyError: 'u_tv_count'
2026-05-14 00:14:03,854 ERROR tvwall.window: Draw failed
Traceback (most recent call last):
  File "C:\Users\marct\Documents\interactive-tv-wall\src\tvwall\app\window.py", line 62, in on_draw
    self.output_renderer.ensure_source(state, self.source_service)
    ^^^^^^^^^^^^^^^^^^^^^^^^^^^^^^^^^^^^^^^^^^^^^^^^^^^^^^
  File "C:\Users\marct\Documents\interactive-tv-wall\src\tvwall\rendering\output_renderer.py", line 75, in render
    program["u_tv_count"] = safe_count
    ~~~~~~~^^^^^^^^^^^^^^
  File "C:\Users\marct\Documents\interactive-tv-wall\.venv\Lib\site-packages\moderngl\__init__.py", line 415, in __setitem__
    self._members[key].value = value
    ~~~~~~~~~~~~~^^^^^
KeyError: 'u_tv_count'
2026-05-14 00:14:03,916 ERROR tvwall.window: Draw failed
Traceback (most recent call last):
  File "C:\Users\marct\Documents\interactive-tv-wall\src\tvwall\app\window.py", line 62, in on_draw
    self.output_renderer.ensure_source(state, self.source_service)
    ^^^^^^^^^^^^^^^^^^^^^^^^^^^^^^^^^^^^^^^^^^^^^^^^^^^^^^
  File "C:\Users\marct\Documents\interactive-tv-wall\src\tvwall\rendering\output_renderer.py", line 75, in render
    program["u_tv_count"] = safe_count
    ~~~~~~~^^^^^^^^^^^^^^
  File "C:\Users\marct\Documents\interactive-tv-wall\.venv\Lib\site-packages\moderngl\__init__.py", line 415, in __setitem__
    self._members[key].value = value
    ~~~~~~~~~~~~~^^^^^
KeyError: 'u_tv_count'
2026-05-14 00:14:03,973 ERROR tvwall.window: Draw failed
Traceback (most recent call last):
  File "C:\Users\marct\Documents\interactive-tv-wall\src\tvwall\app\window.py", line 62, in on_draw
    self.output_renderer.ensure_source(state, self.source_service)
    ^^^^^^^^^^^^^^^^^^^^^^^^^^^^^^^^^^^^^^^^^^^^^^^^^^^^^^
  File "C:\Users\marct\Documents\interactive-tv-wall\src\tvwall\rendering\output_renderer.py", line 75, in render
    program["u_tv_count"] = safe_count
    ~~~~~~~^^^^^^^^^^^^^^
  File "C:\Users\marct\Documents\interactive-tv-wall\.venv\Lib\site-packages\moderngl\__init__.py", line 415, in __setitem__
    self._members[key].value = value
    ~~~~~~~~~~~~~^^^^^
KeyError: 'u_tv_count'
2026-05-14 00:14:04,030 ERROR tvwall.window: Draw failed
Traceback (most recent call last):
  File "C:\Users\marct\Documents\interactive-tv-wall\src\tvwall\app\window.py", line 62, in on_draw
    self.output_renderer.ensure_source(state, self.source_service)
    ^^^^^^^^^^^^^^^^^^^^^^^^^^^^^^^^^^^^^^^^^^^^^^^^^^^^^^
  File "C:\Users\marct\Documents\interactive-tv-wall\src\tvwall\rendering\output_renderer.py", line 75, in render
    program["u_tv_count"] = safe_count
    ~~~~~~~^^^^^^^^^^^^^^
  File "C:\Users\marct\Documents\interactive-tv-wall\.venv\Lib\site-packages\moderngl\__init__.py", line 415, in __setitem__
    self._members[key].value = value
    ~~~~~~~~~~~~~^^^^^
KeyError: 'u_tv_count'
2026-05-14 00:14:04,087 ERROR tvwall.window: Draw failed
Traceback (most recent call last):
  File "C:\Users\marct\Documents\interactive-tv-wall\src\tvwall\app\window.py", line 62, in on_draw
    self.output_renderer.ensure_source(state, self.source_service)
    ^^^^^^^^^^^^^^^^^^^^^^^^^^^^^^^^^^^^^^^^^^^^^^^^^^^^^^
  File "C:\Users\marct\Documents\interactive-tv-wall\src\tvwall\rendering\output_renderer.py", line 75, in render
    program["u_tv_count"] = safe_count
    ~~~~~~~^^^^^^^^^^^^^^
  File "C:\Users\marct\Documents\interactive-tv-wall\.venv\Lib\site-packages\moderngl\__init__.py", line 415, in __setitem__
    self._members[key].value = value
    ~~~~~~~~~~~~~^^^^^
KeyError: 'u_tv_count'
2026-05-14 00:14:04,145 ERROR tvwall.window: Draw failed
Traceback (most recent call last):
  File "C:\Users\marct\Documents\interactive-tv-wall\src\tvwall\app\window.py", line 62, in on_draw
    self.output_renderer.ensure_source(state, self.source_service)
    ^^^^^^^^^^^^^^^^^^^^^^^^^^^^^^^^^^^^^^^^^^^^^^^^^^^^^^
  File "C:\Users\marct\Documents\interactive-tv-wall\src\tvwall\rendering\output_renderer.py", line 75, in render
    program["u_tv_count"] = safe_count
    ~~~~~~~^^^^^^^^^^^^^^
  File "C:\Users\marct\Documents\interactive-tv-wall\.venv\Lib\site-packages\moderngl\__init__.py", line 415, in __setitem__
    self._members[key].value = value
    ~~~~~~~~~~~~~^^^^^
KeyError: 'u_tv_count'
2026-05-14 00:14:04,207 ERROR tvwall.window: Draw failed
Traceback (most recent call last):
  File "C:\Users\marct\Documents\interactive-tv-wall\src\tvwall\app\window.py", line 62, in on_draw
    self.output_renderer.ensure_source(state, self.source_service)
    ^^^^^^^^^^^^^^^^^^^^^^^^^^^^^^^^^^^^^^^^^^^^^^^^^^^^^^
  File "C:\Users\marct\Documents\interactive-tv-wall\src\tvwall\rendering\output_renderer.py", line 75, in render
    program["u_tv_count"] = safe_count
    ~~~~~~~^^^^^^^^^^^^^^
  File "C:\Users\marct\Documents\interactive-tv-wall\.venv\Lib\site-packages\moderngl\__init__.py", line 415, in __setitem__
    self._members[key].value = value
    ~~~~~~~~~~~~~^^^^^
KeyError: 'u_tv_count'
2026-05-14 00:14:04,265 ERROR tvwall.window: Draw failed
Traceback (most recent call last):
  File "C:\Users\marct\Documents\interactive-tv-wall\src\tvwall\app\window.py", line 62, in on_draw
    self.output_renderer.ensure_source(state, self.source_service)
    ^^^^^^^^^^^^^^^^^^^^^^^^^^^^^^^^^^^^^^^^^^^^^^^^^^^^^^
  File "C:\Users\marct\Documents\interactive-tv-wall\src\tvwall\rendering\output_renderer.py", line 75, in render
    program["u_tv_count"] = safe_count
    ~~~~~~~^^^^^^^^^^^^^^
  File "C:\Users\marct\Documents\interactive-tv-wall\.venv\Lib\site-packages\moderngl\__init__.py", line 415, in __setitem__
    self._members[key].value = value
    ~~~~~~~~~~~~~^^^^^
KeyError: 'u_tv_count'
2026-05-14 00:14:04,328 ERROR tvwall.window: Draw failed
Traceback (most recent call last):
  File "C:\Users\marct\Documents\interactive-tv-wall\src\tvwall\app\window.py", line 62, in on_draw
    self.output_renderer.ensure_source(state, self.source_service)
    ^^^^^^^^^^^^^^^^^^^^^^^^^^^^^^^^^^^^^^^^^^^^^^^^^^^^^^
  File "C:\Users\marct\Documents\interactive-tv-wall\src\tvwall\rendering\output_renderer.py", line 75, in render
    program["u_tv_count"] = safe_count
    ~~~~~~~^^^^^^^^^^^^^^
  File "C:\Users\marct\Documents\interactive-tv-wall\.venv\Lib\site-packages\moderngl\__init__.py", line 415, in __setitem__
    self._members[key].value = value
    ~~~~~~~~~~~~~^^^^^
KeyError: 'u_tv_count'
2026-05-14 00:14:04,396 ERROR tvwall.window: Draw failed
Traceback (most recent call last):
  File "C:\Users\marct\Documents\interactive-tv-wall\src\tvwall\app\window.py", line 62, in on_draw
    self.output_renderer.ensure_source(state, self.source_service)
    ^^^^^^^^^^^^^^^^^^^^^^^^^^^^^^^^^^^^^^^^^^^^^^^^^^^^^^
  File "C:\Users\marct\Documents\interactive-tv-wall\src\tvwall\rendering\output_renderer.py", line 75, in render
    program["u_tv_count"] = safe_count
    ~~~~~~~^^^^^^^^^^^^^^
  File "C:\Users\marct\Documents\interactive-tv-wall\.venv\Lib\site-packages\moderngl\__init__.py", line 415, in __setitem__
    self._members[key].value = value
    ~~~~~~~~~~~~~^^^^^
KeyError: 'u_tv_count'
2026-05-14 00:14:04,475 ERROR tvwall.window: Draw failed
Traceback (most recent call last):
  File "C:\Users\marct\Documents\interactive-tv-wall\src\tvwall\app\window.py", line 62, in on_draw
    self.output_renderer.ensure_source(state, self.source_service)
    ^^^^^^^^^^^^^^^^^^^^^^^^^^^^^^^^^^^^^^^^^^^^^^^^^^^^^^
  File "C:\Users\marct\Documents\interactive-tv-wall\src\tvwall\rendering\output_renderer.py", line 75, in render
    program["u_tv_count"] = safe_count
    ~~~~~~~^^^^^^^^^^^^^^
  File "C:\Users\marct\Documents\interactive-tv-wall\.venv\Lib\site-packages\moderngl\__init__.py", line 415, in __setitem__
    self._members[key].value = value
    ~~~~~~~~~~~~~^^^^^
KeyError: 'u_tv_count'
2026-05-14 00:14:04,532 ERROR tvwall.window: Draw failed
Traceback (most recent call last):
  File "C:\Users\marct\Documents\interactive-tv-wall\src\tvwall\app\window.py", line 62, in on_draw
    self.output_renderer.ensure_source(state, self.source_service)
    ^^^^^^^^^^^^^^^^^^^^^^^^^^^^^^^^^^^^^^^^^^^^^^^^^^^^^^
  File "C:\Users\marct\Documents\interactive-tv-wall\src\tvwall\rendering\output_renderer.py", line 75, in render
    program["u_tv_count"] = safe_count
    ~~~~~~~^^^^^^^^^^^^^^
  File "C:\Users\marct\Documents\interactive-tv-wall\.venv\Lib\site-packages\moderngl\__init__.py", line 415, in __setitem__
    self._members[key].value = value
    ~~~~~~~~~~~~~^^^^^
KeyError: 'u_tv_count'
2026-05-14 00:14:04,583 ERROR tvwall.window: Draw failed
Traceback (most recent call last):
  File "C:\Users\marct\Documents\interactive-tv-wall\src\tvwall\app\window.py", line 62, in on_draw
    self.output_renderer.ensure_source(state, self.source_service)
    ^^^^^^^^^^^^^^^^^^^^^^^^^^^^^^^^^^^^^^^^^^^^^^^^^^^^^^
  File "C:\Users\marct\Documents\interactive-tv-wall\src\tvwall\rendering\output_renderer.py", line 75, in render
    program["u_tv_count"] = safe_count
    ~~~~~~~^^^^^^^^^^^^^^
  File "C:\Users\marct\Documents\interactive-tv-wall\.venv\Lib\site-packages\moderngl\__init__.py", line 415, in __setitem__
    self._members[key].value = value
    ~~~~~~~~~~~~~^^^^^
KeyError: 'u_tv_count'
2026-05-14 00:14:04,642 ERROR tvwall.window: Draw failed
Traceback (most recent call last):
  File "C:\Users\marct\Documents\interactive-tv-wall\src\tvwall\app\window.py", line 62, in on_draw
    self.output_renderer.ensure_source(state, self.source_service)
    ^^^^^^^^^^^^^^^^^^^^^^^^^^^^^^^^^^^^^^^^^^^^^^^^^^^^^^
  File "C:\Users\marct\Documents\interactive-tv-wall\src\tvwall\rendering\output_renderer.py", line 75, in render
    program["u_tv_count"] = safe_count
    ~~~~~~~^^^^^^^^^^^^^^
  File "C:\Users\marct\Documents\interactive-tv-wall\.venv\Lib\site-packages\moderngl\__init__.py", line 415, in __setitem__
    self._members[key].value = value
    ~~~~~~~~~~~~~^^^^^
KeyError: 'u_tv_count'
2026-05-14 00:14:04,698 ERROR tvwall.window: Draw failed
Traceback (most recent call last):
  File "C:\Users\marct\Documents\interactive-tv-wall\src\tvwall\app\window.py", line 62, in on_draw
    self.output_renderer.ensure_source(state, self.source_service)
    ^^^^^^^^^^^^^^^^^^^^^^^^^^^^^^^^^^^^^^^^^^^^^^^^^^^^^^
  File "C:\Users\marct\Documents\interactive-tv-wall\src\tvwall\rendering\output_renderer.py", line 75, in render
    program["u_tv_count"] = safe_count
    ~~~~~~~^^^^^^^^^^^^^^
  File "C:\Users\marct\Documents\interactive-tv-wall\.venv\Lib\site-packages\moderngl\__init__.py", line 415, in __setitem__
    self._members[key].value = value
    ~~~~~~~~~~~~~^^^^^
KeyError: 'u_tv_count'
2026-05-14 00:14:04,757 ERROR tvwall.window: Draw failed
Traceback (most recent call last):
  File "C:\Users\marct\Documents\interactive-tv-wall\src\tvwall\app\window.py", line 62, in on_draw
    self.output_renderer.ensure_source(state, self.source_service)
    ^^^^^^^^^^^^^^^^^^^^^^^^^^^^^^^^^^^^^^^^^^^^^^^^^^^^^^
  File "C:\Users\marct\Documents\interactive-tv-wall\src\tvwall\rendering\output_renderer.py", line 75, in render
    program["u_tv_count"] = safe_count
    ~~~~~~~^^^^^^^^^^^^^^
  File "C:\Users\marct\Documents\interactive-tv-wall\.venv\Lib\site-packages\moderngl\__init__.py", line 415, in __setitem__
    self._members[key].value = value
    ~~~~~~~~~~~~~^^^^^
KeyError: 'u_tv_count'
2026-05-14 00:14:04,823 ERROR tvwall.window: Draw failed
Traceback (most recent call last):
  File "C:\Users\marct\Documents\interactive-tv-wall\src\tvwall\app\window.py", line 62, in on_draw
    self.output_renderer.ensure_source(state, self.source_service)
    ^^^^^^^^^^^^^^^^^^^^^^^^^^^^^^^^^^^^^^^^^^^^^^^^^^^^^^
  File "C:\Users\marct\Documents\interactive-tv-wall\src\tvwall\rendering\output_renderer.py", line 75, in render
    program["u_tv_count"] = safe_count
    ~~~~~~~^^^^^^^^^^^^^^
  File "C:\Users\marct\Documents\interactive-tv-wall\.venv\Lib\site-packages\moderngl\__init__.py", line 415, in __setitem__
    self._members[key].value = value
    ~~~~~~~~~~~~~^^^^^
KeyError: 'u_tv_count'
2026-05-14 00:14:04,884 ERROR tvwall.window: Draw failed
Traceback (most recent call last):
  File "C:\Users\marct\Documents\interactive-tv-wall\src\tvwall\app\window.py", line 62, in on_draw
    self.output_renderer.ensure_source(state, self.source_service)
    ^^^^^^^^^^^^^^^^^^^^^^^^^^^^^^^^^^^^^^^^^^^^^^^^^^^^^^
  File "C:\Users\marct\Documents\interactive-tv-wall\src\tvwall\rendering\output_renderer.py", line 75, in render
    program["u_tv_count"] = safe_count
    ~~~~~~~^^^^^^^^^^^^^^
  File "C:\Users\marct\Documents\interactive-tv-wall\.venv\Lib\site-packages\moderngl\__init__.py", line 415, in __setitem__
    self._members[key].value = value
    ~~~~~~~~~~~~~^^^^^
KeyError: 'u_tv_count'
2026-05-14 00:14:04,945 ERROR tvwall.window: Draw failed
Traceback (most recent call last):
  File "C:\Users\marct\Documents\interactive-tv-wall\src\tvwall\app\window.py", line 62, in on_draw
    self.output_renderer.ensure_source(state, self.source_service)
    ^^^^^^^^^^^^^^^^^^^^^^^^^^^^^^^^^^^^^^^^^^^^^^^^^^^^^^
  File "C:\Users\marct\Documents\interactive-tv-wall\src\tvwall\rendering\output_renderer.py", line 75, in render
    program["u_tv_count"] = safe_count
    ~~~~~~~^^^^^^^^^^^^^^
  File "C:\Users\marct\Documents\interactive-tv-wall\.venv\Lib\site-packages\moderngl\__init__.py", line 415, in __setitem__
    self._members[key].value = value
    ~~~~~~~~~~~~~^^^^^
KeyError: 'u_tv_count'
2026-05-14 00:14:05,014 ERROR tvwall.window: Draw failed
Traceback (most recent call last):
  File "C:\Users\marct\Documents\interactive-tv-wall\src\tvwall\app\window.py", line 62, in on_draw
    self.output_renderer.ensure_source(state, self.source_service)
    ^^^^^^^^^^^^^^^^^^^^^^^^^^^^^^^^^^^^^^^^^^^^^^^^^^^^^^
  File "C:\Users\marct\Documents\interactive-tv-wall\src\tvwall\rendering\output_renderer.py", line 75, in render
    program["u_tv_count"] = safe_count
    ~~~~~~~^^^^^^^^^^^^^^
  File "C:\Users\marct\Documents\interactive-tv-wall\.venv\Lib\site-packages\moderngl\__init__.py", line 415, in __setitem__
    self._members[key].value = value
    ~~~~~~~~~~~~~^^^^^
KeyError: 'u_tv_count'
2026-05-14 00:14:05,088 ERROR tvwall.window: Draw failed
Traceback (most recent call last):
  File "C:\Users\marct\Documents\interactive-tv-wall\src\tvwall\app\window.py", line 62, in on_draw
    self.output_renderer.ensure_source(state, self.source_service)
    ^^^^^^^^^^^^^^^^^^^^^^^^^^^^^^^^^^^^^^^^^^^^^^^^^^^^^^
  File "C:\Users\marct\Documents\interactive-tv-wall\src\tvwall\rendering\output_renderer.py", line 75, in render
    program["u_tv_count"] = safe_count
    ~~~~~~~^^^^^^^^^^^^^^
  File "C:\Users\marct\Documents\interactive-tv-wall\.venv\Lib\site-packages\moderngl\__init__.py", line 415, in __setitem__
    self._members[key].value = value
    ~~~~~~~~~~~~~^^^^^
KeyError: 'u_tv_count'
2026-05-14 00:14:05,144 ERROR tvwall.window: Draw failed
Traceback (most recent call last):
  File "C:\Users\marct\Documents\interactive-tv-wall\src\tvwall\app\window.py", line 62, in on_draw
    self.output_renderer.ensure_source(state, self.source_service)
    ^^^^^^^^^^^^^^^^^^^^^^^^^^^^^^^^^^^^^^^^^^^^^^^^^^^^^^
  File "C:\Users\marct\Documents\interactive-tv-wall\src\tvwall\rendering\output_renderer.py", line 75, in render
    program["u_tv_count"] = safe_count
    ~~~~~~~^^^^^^^^^^^^^^
  File "C:\Users\marct\Documents\interactive-tv-wall\.venv\Lib\site-packages\moderngl\__init__.py", line 415, in __setitem__
    self._members[key].value = value
    ~~~~~~~~~~~~~^^^^^
KeyError: 'u_tv_count'
2026-05-14 00:14:05,206 ERROR tvwall.window: Draw failed
Traceback (most recent call last):
  File "C:\Users\marct\Documents\interactive-tv-wall\src\tvwall\app\window.py", line 62, in on_draw
    self.output_renderer.ensure_source(state, self.source_service)
    ^^^^^^^^^^^^^^^^^^^^^^^^^^^^^^^^^^^^^^^^^^^^^^^^^^^^^^
  File "C:\Users\marct\Documents\interactive-tv-wall\src\tvwall\rendering\output_renderer.py", line 75, in render
    program["u_tv_count"] = safe_count
    ~~~~~~~^^^^^^^^^^^^^^
  File "C:\Users\marct\Documents\interactive-tv-wall\.venv\Lib\site-packages\moderngl\__init__.py", line 415, in __setitem__
    self._members[key].value = value
    ~~~~~~~~~~~~~^^^^^
KeyError: 'u_tv_count'
2026-05-14 00:14:05,261 ERROR tvwall.window: Draw failed
Traceback (most recent call last):
  File "C:\Users\marct\Documents\interactive-tv-wall\src\tvwall\app\window.py", line 62, in on_draw
    self.output_renderer.ensure_source(state, self.source_service)
    ^^^^^^^^^^^^^^^^^^^^^^^^^^^^^^^^^^^^^^^^^^^^^^^^^^^^^^
  File "C:\Users\marct\Documents\interactive-tv-wall\src\tvwall\rendering\output_renderer.py", line 75, in render
    program["u_tv_count"] = safe_count
    ~~~~~~~^^^^^^^^^^^^^^
  File "C:\Users\marct\Documents\interactive-tv-wall\.venv\Lib\site-packages\moderngl\__init__.py", line 415, in __setitem__
    self._members[key].value = value
    ~~~~~~~~~~~~~^^^^^
KeyError: 'u_tv_count'
2026-05-14 00:14:05,328 ERROR tvwall.window: Draw failed
Traceback (most recent call last):
  File "C:\Users\marct\Documents\interactive-tv-wall\src\tvwall\app\window.py", line 62, in on_draw
    self.output_renderer.ensure_source(state, self.source_service)
    ^^^^^^^^^^^^^^^^^^^^^^^^^^^^^^^^^^^^^^^^^^^^^^^^^^^^^^
  File "C:\Users\marct\Documents\interactive-tv-wall\src\tvwall\rendering\output_renderer.py", line 75, in render
    program["u_tv_count"] = safe_count
    ~~~~~~~^^^^^^^^^^^^^^
  File "C:\Users\marct\Documents\interactive-tv-wall\.venv\Lib\site-packages\moderngl\__init__.py", line 415, in __setitem__
    self._members[key].value = value
    ~~~~~~~~~~~~~^^^^^
KeyError: 'u_tv_count'
2026-05-14 00:14:05,383 ERROR tvwall.window: Draw failed
Traceback (most recent call last):
  File "C:\Users\marct\Documents\interactive-tv-wall\src\tvwall\app\window.py", line 62, in on_draw
    self.output_renderer.ensure_source(state, self.source_service)
    ^^^^^^^^^^^^^^^^^^^^^^^^^^^^^^^^^^^^^^^^^^^^^^^^^^^^^^
  File "C:\Users\marct\Documents\interactive-tv-wall\src\tvwall\rendering\output_renderer.py", line 75, in render
    program["u_tv_count"] = safe_count
    ~~~~~~~^^^^^^^^^^^^^^
  File "C:\Users\marct\Documents\interactive-tv-wall\.venv\Lib\site-packages\moderngl\__init__.py", line 415, in __setitem__
    self._members[key].value = value
    ~~~~~~~~~~~~~^^^^^
KeyError: 'u_tv_count'
2026-05-14 00:14:05,437 ERROR tvwall.window: Draw failed
Traceback (most recent call last):
  File "C:\Users\marct\Documents\interactive-tv-wall\src\tvwall\app\window.py", line 62, in on_draw
    self.output_renderer.ensure_source(state, self.source_service)
    ^^^^^^^^^^^^^^^^^^^^^^^^^^^^^^^^^^^^^^^^^^^^^^^^^^^^^^
  File "C:\Users\marct\Documents\interactive-tv-wall\src\tvwall\rendering\output_renderer.py", line 75, in render
    program["u_tv_count"] = safe_count
    ~~~~~~~^^^^^^^^^^^^^^
  File "C:\Users\marct\Documents\interactive-tv-wall\.venv\Lib\site-packages\moderngl\__init__.py", line 415, in __setitem__
    self._members[key].value = value
    ~~~~~~~~~~~~~^^^^^
KeyError: 'u_tv_count'
2026-05-14 00:14:05,497 ERROR tvwall.window: Draw failed
Traceback (most recent call last):
  File "C:\Users\marct\Documents\interactive-tv-wall\src\tvwall\app\window.py", line 62, in on_draw
    self.output_renderer.ensure_source(state, self.source_service)
    ^^^^^^^^^^^^^^^^^^^^^^^^^^^^^^^^^^^^^^^^^^^^^^^^^^^^^^
  File "C:\Users\marct\Documents\interactive-tv-wall\src\tvwall\rendering\output_renderer.py", line 75, in render
    program["u_tv_count"] = safe_count
    ~~~~~~~^^^^^^^^^^^^^^
  File "C:\Users\marct\Documents\interactive-tv-wall\.venv\Lib\site-packages\moderngl\__init__.py", line 415, in __setitem__
    self._members[key].value = value
    ~~~~~~~~~~~~~^^^^^
KeyError: 'u_tv_count'
2026-05-14 00:14:05,553 ERROR tvwall.window: Draw failed
Traceback (most recent call last):
  File "C:\Users\marct\Documents\interactive-tv-wall\src\tvwall\app\window.py", line 62, in on_draw
    self.output_renderer.ensure_source(state, self.source_service)
    ^^^^^^^^^^^^^^^^^^^^^^^^^^^^^^^^^^^^^^^^^^^^^^^^^^^^^^
  File "C:\Users\marct\Documents\interactive-tv-wall\src\tvwall\rendering\output_renderer.py", line 75, in render
    program["u_tv_count"] = safe_count
    ~~~~~~~^^^^^^^^^^^^^^
  File "C:\Users\marct\Documents\interactive-tv-wall\.venv\Lib\site-packages\moderngl\__init__.py", line 415, in __setitem__
    self._members[key].value = value
    ~~~~~~~~~~~~~^^^^^
KeyError: 'u_tv_count'
2026-05-14 00:14:05,611 ERROR tvwall.window: Draw failed
Traceback (most recent call last):
  File "C:\Users\marct\Documents\interactive-tv-wall\src\tvwall\app\window.py", line 62, in on_draw
    self.output_renderer.ensure_source(state, self.source_service)
    ^^^^^^^^^^^^^^^^^^^^^^^^^^^^^^^^^^^^^^^^^^^^^^^^^^^^^^
  File "C:\Users\marct\Documents\interactive-tv-wall\src\tvwall\rendering\output_renderer.py", line 75, in render
    program["u_tv_count"] = safe_count
    ~~~~~~~^^^^^^^^^^^^^^
  File "C:\Users\marct\Documents\interactive-tv-wall\.venv\Lib\site-packages\moderngl\__init__.py", line 415, in __setitem__
    self._members[key].value = value
    ~~~~~~~~~~~~~^^^^^
KeyError: 'u_tv_count'
2026-05-14 00:14:05,674 ERROR tvwall.window: Draw failed
Traceback (most recent call last):
  File "C:\Users\marct\Documents\interactive-tv-wall\src\tvwall\app\window.py", line 62, in on_draw
    self.output_renderer.ensure_source(state, self.source_service)
    ^^^^^^^^^^^^^^^^^^^^^^^^^^^^^^^^^^^^^^^^^^^^^^^^^^^^^^
  File "C:\Users\marct\Documents\interactive-tv-wall\src\tvwall\rendering\output_renderer.py", line 75, in render
    program["u_tv_count"] = safe_count
    ~~~~~~~^^^^^^^^^^^^^^
  File "C:\Users\marct\Documents\interactive-tv-wall\.venv\Lib\site-packages\moderngl\__init__.py", line 415, in __setitem__
    self._members[key].value = value
    ~~~~~~~~~~~~~^^^^^
KeyError: 'u_tv_count'
2026-05-14 00:14:05,731 ERROR tvwall.window: Draw failed
Traceback (most recent call last):
  File "C:\Users\marct\Documents\interactive-tv-wall\src\tvwall\app\window.py", line 62, in on_draw
    self.output_renderer.ensure_source(state, self.source_service)
    ^^^^^^^^^^^^^^^^^^^^^^^^^^^^^^^^^^^^^^^^^^^^^^^^^^^^^^
  File "C:\Users\marct\Documents\interactive-tv-wall\src\tvwall\rendering\output_renderer.py", line 75, in render
    program["u_tv_count"] = safe_count
    ~~~~~~~^^^^^^^^^^^^^^
  File "C:\Users\marct\Documents\interactive-tv-wall\.venv\Lib\site-packages\moderngl\__init__.py", line 415, in __setitem__
    self._members[key].value = value
    ~~~~~~~~~~~~~^^^^^
KeyError: 'u_tv_count'
2026-05-14 00:14:05,788 ERROR tvwall.window: Draw failed
Traceback (most recent call last):
  File "C:\Users\marct\Documents\interactive-tv-wall\src\tvwall\app\window.py", line 62, in on_draw
    self.output_renderer.ensure_source(state, self.source_service)
    ^^^^^^^^^^^^^^^^^^^^^^^^^^^^^^^^^^^^^^^^^^^^^^^^^^^^^^
  File "C:\Users\marct\Documents\interactive-tv-wall\src\tvwall\rendering\output_renderer.py", line 75, in render
    program["u_tv_count"] = safe_count
    ~~~~~~~^^^^^^^^^^^^^^
  File "C:\Users\marct\Documents\interactive-tv-wall\.venv\Lib\site-packages\moderngl\__init__.py", line 415, in __setitem__
    self._members[key].value = value
    ~~~~~~~~~~~~~^^^^^
KeyError: 'u_tv_count'
2026-05-14 00:14:05,848 ERROR tvwall.window: Draw failed
Traceback (most recent call last):
  File "C:\Users\marct\Documents\interactive-tv-wall\src\tvwall\app\window.py", line 62, in on_draw
    self.output_renderer.ensure_source(state, self.source_service)
    ^^^^^^^^^^^^^^^^^^^^^^^^^^^^^^^^^^^^^^^^^^^^^^^^^^^^^^
  File "C:\Users\marct\Documents\interactive-tv-wall\src\tvwall\rendering\output_renderer.py", line 75, in render
    program["u_tv_count"] = safe_count
    ~~~~~~~^^^^^^^^^^^^^^
  File "C:\Users\marct\Documents\interactive-tv-wall\.venv\Lib\site-packages\moderngl\__init__.py", line 415, in __setitem__
    self._members[key].value = value
    ~~~~~~~~~~~~~^^^^^
KeyError: 'u_tv_count'
2026-05-14 00:14:05,908 ERROR tvwall.window: Draw failed
Traceback (most recent call last):
  File "C:\Users\marct\Documents\interactive-tv-wall\src\tvwall\app\window.py", line 62, in on_draw
    self.output_renderer.ensure_source(state, self.source_service)
    ^^^^^^^^^^^^^^^^^^^^^^^^^^^^^^^^^^^^^^^^^^^^^^^^^^^^^^
  File "C:\Users\marct\Documents\interactive-tv-wall\src\tvwall\rendering\output_renderer.py", line 75, in render
    program["u_tv_count"] = safe_count
    ~~~~~~~^^^^^^^^^^^^^^
  File "C:\Users\marct\Documents\interactive-tv-wall\.venv\Lib\site-packages\moderngl\__init__.py", line 415, in __setitem__
    self._members[key].value = value
    ~~~~~~~~~~~~~^^^^^
KeyError: 'u_tv_count'
2026-05-14 00:14:05,964 ERROR tvwall.window: Draw failed
Traceback (most recent call last):
  File "C:\Users\marct\Documents\interactive-tv-wall\src\tvwall\app\window.py", line 62, in on_draw
    self.output_renderer.ensure_source(state, self.source_service)
    ^^^^^^^^^^^^^^^^^^^^^^^^^^^^^^^^^^^^^^^^^^^^^^^^^^^^^^
  File "C:\Users\marct\Documents\interactive-tv-wall\src\tvwall\rendering\output_renderer.py", line 75, in render
    program["u_tv_count"] = safe_count
    ~~~~~~~^^^^^^^^^^^^^^
  File "C:\Users\marct\Documents\interactive-tv-wall\.venv\Lib\site-packages\moderngl\__init__.py", line 415, in __setitem__
    self._members[key].value = value
    ~~~~~~~~~~~~~^^^^^
KeyError: 'u_tv_count'
2026-05-14 00:14:06,022 ERROR tvwall.window: Draw failed
Traceback (most recent call last):
  File "C:\Users\marct\Documents\interactive-tv-wall\src\tvwall\app\window.py", line 62, in on_draw
    self.output_renderer.ensure_source(state, self.source_service)
    ^^^^^^^^^^^^^^^^^^^^^^^^^^^^^^^^^^^^^^^^^^^^^^^^^^^^^^
  File "C:\Users\marct\Documents\interactive-tv-wall\src\tvwall\rendering\output_renderer.py", line 75, in render
    program["u_tv_count"] = safe_count
    ~~~~~~~^^^^^^^^^^^^^^
  File "C:\Users\marct\Documents\interactive-tv-wall\.venv\Lib\site-packages\moderngl\__init__.py", line 415, in __setitem__
    self._members[key].value = value
    ~~~~~~~~~~~~~^^^^^
KeyError: 'u_tv_count'
2026-05-14 00:14:06,081 ERROR tvwall.window: Draw failed
Traceback (most recent call last):
  File "C:\Users\marct\Documents\interactive-tv-wall\src\tvwall\app\window.py", line 62, in on_draw
    self.output_renderer.ensure_source(state, self.source_service)
    ^^^^^^^^^^^^^^^^^^^^^^^^^^^^^^^^^^^^^^^^^^^^^^^^^^^^^^
  File "C:\Users\marct\Documents\interactive-tv-wall\src\tvwall\rendering\output_renderer.py", line 75, in render
    program["u_tv_count"] = safe_count
    ~~~~~~~^^^^^^^^^^^^^^
  File "C:\Users\marct\Documents\interactive-tv-wall\.venv\Lib\site-packages\moderngl\__init__.py", line 415, in __setitem__
    self._members[key].value = value
    ~~~~~~~~~~~~~^^^^^
KeyError: 'u_tv_count'
2026-05-14 00:14:06,136 ERROR tvwall.window: Draw failed
Traceback (most recent call last):
  File "C:\Users\marct\Documents\interactive-tv-wall\src\tvwall\app\window.py", line 62, in on_draw
    self.output_renderer.ensure_source(state, self.source_service)
    ^^^^^^^^^^^^^^^^^^^^^^^^^^^^^^^^^^^^^^^^^^^^^^^^^^^^^^
  File "C:\Users\marct\Documents\interactive-tv-wall\src\tvwall\rendering\output_renderer.py", line 75, in render
    program["u_tv_count"] = safe_count
    ~~~~~~~^^^^^^^^^^^^^^
  File "C:\Users\marct\Documents\interactive-tv-wall\.venv\Lib\site-packages\moderngl\__init__.py", line 415, in __setitem__
    self._members[key].value = value
    ~~~~~~~~~~~~~^^^^^
KeyError: 'u_tv_count'
2026-05-14 00:14:06,196 ERROR tvwall.window: Draw failed
Traceback (most recent call last):
  File "C:\Users\marct\Documents\interactive-tv-wall\src\tvwall\app\window.py", line 62, in on_draw
    self.output_renderer.ensure_source(state, self.source_service)
    ^^^^^^^^^^^^^^^^^^^^^^^^^^^^^^^^^^^^^^^^^^^^^^^^^^^^^^
  File "C:\Users\marct\Documents\interactive-tv-wall\src\tvwall\rendering\output_renderer.py", line 75, in render
    program["u_tv_count"] = safe_count
    ~~~~~~~^^^^^^^^^^^^^^
  File "C:\Users\marct\Documents\interactive-tv-wall\.venv\Lib\site-packages\moderngl\__init__.py", line 415, in __setitem__
    self._members[key].value = value
    ~~~~~~~~~~~~~^^^^^
KeyError: 'u_tv_count'
2026-05-14 00:14:06,251 ERROR tvwall.window: Draw failed
Traceback (most recent call last):
  File "C:\Users\marct\Documents\interactive-tv-wall\src\tvwall\app\window.py", line 62, in on_draw
    self.output_renderer.ensure_source(state, self.source_service)
    ^^^^^^^^^^^^^^^^^^^^^^^^^^^^^^^^^^^^^^^^^^^^^^^^^^^^^^
  File "C:\Users\marct\Documents\interactive-tv-wall\src\tvwall\rendering\output_renderer.py", line 75, in render
    program["u_tv_count"] = safe_count
    ~~~~~~~^^^^^^^^^^^^^^
  File "C:\Users\marct\Documents\interactive-tv-wall\.venv\Lib\site-packages\moderngl\__init__.py", line 415, in __setitem__
    self._members[key].value = value
    ~~~~~~~~~~~~~^^^^^
KeyError: 'u_tv_count'
2026-05-14 00:14:06,315 ERROR tvwall.window: Draw failed
Traceback (most recent call last):
  File "C:\Users\marct\Documents\interactive-tv-wall\src\tvwall\app\window.py", line 62, in on_draw
    self.output_renderer.ensure_source(state, self.source_service)
    ^^^^^^^^^^^^^^^^^^^^^^^^^^^^^^^^^^^^^^^^^^^^^^^^^^^^^^
  File "C:\Users\marct\Documents\interactive-tv-wall\src\tvwall\rendering\output_renderer.py", line 75, in render
    program["u_tv_count"] = safe_count
    ~~~~~~~^^^^^^^^^^^^^^
  File "C:\Users\marct\Documents\interactive-tv-wall\.venv\Lib\site-packages\moderngl\__init__.py", line 415, in __setitem__
    self._members[key].value = value
    ~~~~~~~~~~~~~^^^^^
KeyError: 'u_tv_count'
2026-05-14 00:14:06,401 ERROR tvwall.window: Draw failed
Traceback (most recent call last):
  File "C:\Users\marct\Documents\interactive-tv-wall\src\tvwall\app\window.py", line 62, in on_draw
    self.output_renderer.ensure_source(state, self.source_service)
    ^^^^^^^^^^^^^^^^^^^^^^^^^^^^^^^^^^^^^^^^^^^^^^^^^^^^^^
  File "C:\Users\marct\Documents\interactive-tv-wall\src\tvwall\rendering\output_renderer.py", line 75, in render
    program["u_tv_count"] = safe_count
    ~~~~~~~^^^^^^^^^^^^^^
  File "C:\Users\marct\Documents\interactive-tv-wall\.venv\Lib\site-packages\moderngl\__init__.py", line 415, in __setitem__
    self._members[key].value = value
    ~~~~~~~~~~~~~^^^^^
KeyError: 'u_tv_count'
